date,platform,campaign_id,campaign_name,impressions,clicks,spend,conversions,revenue,roas,cpa,ctr,cpc,cvr,cpm
2025-07-30,Google Ads,goog_7875,Google_Campaign_1,9899,211,623.22,14,2648.28,4.249350149224993,44.51571428571429,0.021315284372158804,2.953649289099526,0.06635071090047394,62.95787453278109
2025-07-30,Google Ads,goog_2934,Google_Campaign_2,9970,185,503.89,7,585.01,1.1609875171168311,71.98428571428572,0.018555667001003008,2.7237297297297296,0.03783783783783784,50.54062186559679
2025-07-30,Google Ads,goog_7082,Google_Campaign_3,10010,222,625.19,9,624.85,0.9994561653257409,69.46555555555557,0.022177822177822177,2.816171171171171,0.04054054054054054,62.45654345654346
2025-07-30,Google Ads,goog_6239,Google_Campaign_4,10142,195,401.51,8,1268.1,3.1583273143881843,50.18875,0.019226976927627686,2.059025641025641,0.041025641025641026,39.58883849339381
2025-07-30,Google Ads,goog_3621,Google_Campaign_5,9999,191,308.31,13,1615.54,5.239985728649735,23.716153846153848,0.019101910191019103,1.6141884816753926,0.06806282722513089,30.834083408340835
2025-07-30,LinkedIn Ads,li_7412,LinkedIn_Campaign_1,3024,64,366.0,9,3707.42,10.129562841530054,40.666666666666664,0.021164021164021163,5.71875,0.140625,121.03174603174604
2025-07-30,LinkedIn Ads,li_8922,LinkedIn_Campaign_2,2975,74,527.06,5,1083.31,2.0553826888779265,105.41199999999999,0.024873949579831932,7.122432432432432,0.06756756756756757,177.16302521008402
2025-07-30,LinkedIn Ads,li_662,LinkedIn_Campaign_3,2988,74,579.09,7,1711.58,2.9556372929941803,82.72714285714287,0.024765729585006693,7.825540540540541,0.0945945945945946,193.80522088353413
2025-07-30,Meta Ads,meta_1685,Meta_Campaign_1,15422,238,327.69,19,807.47,2.4641276816503406,17.24684210526316,0.015432499027363506,1.3768487394957982,0.07983193277310924,21.24821683309558
2025-07-30,Meta Ads,meta_1194,Meta_Campaign_2,13527,182,315.01,18,2876.86,9.13259896511222,17.500555555555554,0.013454572336807866,1.7308241758241758,0.0989010989010989,23.28749907592223
2025-07-30,Meta Ads,meta_6180,Meta_Campaign_3,12672,194,460.72,12,1433.99,3.112497829484285,38.39333333333334,0.015309343434343434,2.3748453608247426,0.061855670103092786,36.35732323232323
2025-07-30,Meta Ads,meta_7210,Meta_Campaign_4,10162,143,281.34,13,653.33,2.3222080045496556,21.64153846153846,0.01407203306435741,1.9674125874125872,0.09090909090909091,27.68549498130289
2025-07-31,Google Ads,goog_7875,Google_Campaign_1,10083,199,369.77,6,619.16,1.6744462774156907,61.62833333333333,0.019736189626103344,1.8581407035175879,0.03015075376884422,36.67261727660418
2025-07-31,Google Ads,goog_2934,Google_Campaign_2,9937,207,316.05,18,2054.99,6.502104097452934,17.558333333333334,0.020831236791788266,1.5268115942028986,0.08695652173913043,31.805373855288316
2025-07-31,Google Ads,goog_7082,Google_Campaign_3,9967,183,490.35,5,563.19,1.1485469562557358,98.07000000000001,0.01836058994682452,2.6795081967213115,0.0273224043715847,49.19735125915521
2025-07-31,Google Ads,goog_6239,Google_Campaign_4,10135,205,358.86,18,1525.51,4.250989243716212,19.936666666666667,0.020226936359151456,1.7505365853658537,0.08780487804878048,35.40799210656142
2025-07-31,Google Ads,goog_3621,Google_Campaign_5,10209,216,398.74,8,664.58,1.6667001053317951,49.8425,0.021157801939465176,1.8460185185185185,0.037037037037037035,39.05769419139975
2025-07-31,LinkedIn Ads,li_7412,LinkedIn_Campaign_1,3070,59,241.59,8,3647.4,15.097479200298025,30.19875,0.019218241042345277,4.094745762711865,0.13559322033898305,78.69381107491857
2025-07-31,LinkedIn Ads,li_8922,LinkedIn_Campaign_2,2911,75,362.11,9,3812.23,10.52782303719864,40.23444444444445,0.02576434215046376,4.828133333333334,0.12,124.39367914805909
2025-07-31,LinkedIn Ads,li_662,LinkedIn_Campaign_3,3069,72,267.9,11,2438.75,9.10321015304218,24.354545454545452,0.02346041055718475,3.720833333333333,0.1527777777777778,87.29227761485825
2025-07-31,Meta Ads,meta_1685,Meta_Campaign_1,15800,228,424.94,16,1322.86,3.113051254294724,26.55875,0.014430379746835443,1.8637719298245614,0.07017543859649122,26.894936708860758
2025-07-31,Meta Ads,meta_1194,Meta_Campaign_2,14163,217,278.81,21,1422.7,5.102758150711955,13.276666666666667,0.015321612652686578,1.2848387096774194,0.0967741935483871,19.685801030855043
2025-07-31,Meta Ads,meta_6180,Meta_Campaign_3,15206,258,505.56,21,2944.39,5.824016931719282,24.074285714285715,0.016966986715770092,1.9595348837209303,0.08139534883720931,33.247402341181115
2025-07-31,Meta Ads,meta_7210,Meta_Campaign_4,12851,175,184.22,13,1807.71,9.812778199978288,14.170769230769231,0.013617617306046222,1.0526857142857142,0.07428571428571429,14.335071200684773
2025-08-01,Google Ads,goog_7875,Google_Campaign_1,10179,203,314.84,12,1135.23,3.6057362469825947,26.236666666666665,0.019943019943019943,1.5509359605911328,0.059113300492610835,30.930346792415754
2025-08-01,Google Ads,goog_2934,Google_Campaign_2,10178,194,301.77,10,845.01,2.8001789442290486,30.177,0.01906071919827078,1.5555154639175257,0.05154639175257732,29.64924346629986
2025-08-01,Google Ads,goog_7082,Google_Campaign_3,9864,183,473.45,5,486.47,1.027500264019432,94.69,0.018552311435523116,2.587158469945355,0.0273224043715847,47.99776966747769
2025-08-01,Google Ads,goog_6239,Google_Campaign_4,10011,197,557.31,11,934.38,1.67658933089304,50.66454545454545,0.01967835381080811,2.828984771573604,0.05583756345177665,55.66976326041354
2025-08-01,Google Ads,goog_3621,Google_Campaign_5,10008,194,407.96,9,1297.13,3.179551916854594,45.32888888888888,0.01938449240607514,2.102886597938144,0.04639175257731959,40.763389288569144
2025-08-01,LinkedIn Ads,li_7412,LinkedIn_Campaign_1,2900,71,218.31,9,3180.53,14.568869955567772,24.256666666666668,0.024482758620689656,3.0747887323943663,0.1267605633802817,75.27931034482758
2025-08-01,LinkedIn Ads,li_8922,LinkedIn_Campaign_2,3082,82,536.49,8,2827.74,5.270815858636694,67.06125,0.026606099935107073,6.5425609756097565,0.0975609756097561,174.07203114860482
2025-08-01,LinkedIn Ads,li_662,LinkedIn_Campaign_3,2998,86,314.64,7,2183.12,6.938469361810323,44.94857142857143,0.028685790527018012,3.6586046511627903,0.08139534883720931,104.94996664442961
2025-08-01,Meta Ads,meta_1685,Meta_Campaign_1,13512,193,312.02,16,2312.15,7.41026216268188,19.50125,0.014283599763173475,1.616683937823834,0.08290155440414508,23.09206631142688
2025-08-01,Meta Ads,meta_1194,Meta_Campaign_2,11547,169,181.23,12,1106.45,6.105225404182531,15.1025,0.014635836147917207,1.0723668639053254,0.07100591715976332,15.694985710574175
2025-08-01,Meta Ads,meta_6180,Meta_Campaign_3,15414,224,532.67,11,1313.79,2.466423864681698,48.42454545454545,0.014532243415077202,2.3779910714285712,0.049107142857142856,34.55754508888024
2025-08-01,Meta Ads,meta_7210,Meta_Campaign_4,12338,203,384.04,16,1621.13,4.221252994479742,24.0025,0.016453233911492948,1.8918226600985222,0.07881773399014778,31.126600745663804
2025-08-02,Google Ads,goog_7875,Google_Campaign_1,10027,205,410.28,12,791.88,1.9300965194501318,34.19,0.020444799042585022,2.0013658536585366,0.05853658536585366,40.9175226887404
2025-08-02,Google Ads,goog_2934,Google_Campaign_2,9821,199,428.3,8,1382.92,3.228858276908709,53.5375,0.020262702372467162,2.1522613065326635,0.04020100502512563,43.610630282048675
2025-08-02,Google Ads,goog_7082,Google_Campaign_3,10095,197,402.17,6,1125.58,2.7987666907029363,67.02833333333334,0.019514611193660228,2.041472081218274,0.030456852791878174,39.83853392768698
2025-08-02,Google Ads,goog_6239,Google_Campaign_4,9875,211,488.01,14,2237.67,4.585295383291326,34.85785714285714,0.021367088607594936,2.3128436018957346,0.06635071090047394,49.418734177215185
2025-08-02,Google Ads,goog_3621,Google_Campaign_5,10098,199,364.53,17,3257.35,8.935752887279511,21.442941176470587,0.019706872648049118,1.8318090452261304,0.08542713567839195,36.0992275698158
2025-08-02,LinkedIn Ads,li_7412,LinkedIn_Campaign_1,2914,76,251.91,9,1813.19,7.19776904450002,27.99,0.02608098833218943,3.314605263157895,0.11842105263157894,86.44818119423472
2025-08-02,LinkedIn Ads,li_8922,LinkedIn_Campaign_2,2974,74,568.93,9,3016.82,5.3026207090503235,63.21444444444444,0.02488231338264963,7.688243243243242,0.12162162162162163,191.30127774041694
2025-08-02,LinkedIn Ads,li_662,LinkedIn_Campaign_3,2988,66,448.19,8,2804.39,6.2571454070818175,56.02375,0.02208835341365462,6.790757575757576,0.12121212121212122,149.99665327978582
2025-08-02,Meta Ads,meta_1685,Meta_Campaign_1,13182,177,356.25,11,1732.29,4.862568421052631,32.38636363636363,0.013427401001365498,2.01271186440678,0.062146892655367235,27.025489303595812
2025-08-02,Meta Ads,meta_1194,Meta_Campaign_2,12382,161,191.64,10,1432.67,7.475840116885829,19.163999999999998,0.01300274592149895,1.190310559006211,0.062111801242236024,15.477305766435146
2025-08-02,Meta Ads,meta_6180,Meta_Campaign_3,11639,176,224.61,13,1752.71,7.803348025466364,17.27769230769231,0.01512157401838646,1.276193181818182,0.07386363636363637,19.298049660623764
2025-08-02,Meta Ads,meta_7210,Meta_Campaign_4,14518,205,309.27,16,993.85,3.2135350987810005,19.329375,0.01412040225926436,1.5086341463414634,0.07804878048780488,21.30252100840336
2025-08-03,Google Ads,goog_7875,Google_Campaign_1,10015,210,318.46,7,1295.02,4.066507567669409,45.49428571428571,0.020968547179231155,1.5164761904761903,0.03333333333333333,31.798302546180725
2025-08-03,Google Ads,goog_2934,Google_Campaign_2,10132,210,370.24,15,1692.23,4.570629861711322,24.682666666666666,0.020726411369917094,1.7630476190476192,0.07142857142857142,36.541650217133835
2025-08-03,Google Ads,goog_7082,Google_Campaign_3,9966,197,513.59,6,842.84,1.6410755661130474,85.59833333333334,0.019767208508930365,2.607055837563452,0.030456852791878174,51.53421633554084
2025-08-03,Google Ads,goog_6239,Google_Campaign_4,9922,201,518.29,8,1079.69,2.0831773717416895,64.78625,0.020258012497480347,2.578557213930348,0.03980099502487562,52.2364442652691
2025-08-03,Google Ads,goog_3621,Google_Campaign_5,9993,170,309.81,4,357.36,1.1534811658758595,77.4525,0.017011908335835085,1.8224117647058824,0.023529411764705882,31.002701891323927
2025-08-03,LinkedIn Ads,li_7412,LinkedIn_Campaign_1,3118,93,504.04,8,2402.58,4.766645504325053,63.005,0.02982681205901219,5.419784946236559,0.08602150537634409,161.65490699166133
2025-08-03,LinkedIn Ads,li_8922,LinkedIn_Campaign_2,3035,91,516.76,14,6994.82,13.535916092576825,36.91142857142857,0.029983525535420098,5.678681318681319,0.15384615384615385,170.2668863261944
2025-08-03,LinkedIn Ads,li_662,LinkedIn_Campaign_3,2986,72,485.76,6,2372.82,4.884757905138341,80.96,0.024112525117213665,6.746666666666666,0.08333333333333333,162.6791694574682
2025-08-03,Meta Ads,meta_1685,Meta_Campaign_1,15543,220,321.39,13,2245.91,6.988114129251065,24.72230769230769,0.014154281670205236,1.4608636363636363,0.05909090909090909,20.677475390851185
2025-08-03,Meta Ads,meta_1194,Meta_Campaign_2,11631,190,204.09,12,1562.78,7.6573080503699344,17.0075,0.016335654715845586,1.0741578947368422,0.06315789473684211,17.54707247872066
2025-08-03,Meta Ads,meta_6180,Meta_Campaign_3,10315,163,399.14,16,2764.41,6.92591571879541,24.94625,0.01580222976248182,2.4487116564417177,0.09815950920245399,38.695104217159475
2025-08-03,Meta Ads,meta_7210,Meta_Campaign_4,14926,233,387.47,22,2417.06,6.238057139907605,17.612272727272728,0.015610344365536648,1.6629613733905582,0.0944206008583691,25.959399705212384
2025-08-04,Google Ads,goog_7875,Google_Campaign_1,9978,207,391.05,9,1246.9,3.1885948088479736,43.45,0.02074564040889958,1.8891304347826088,0.043478260869565216,39.19122068550812
2025-08-04,Google Ads,goog_2934,Google_Campaign_2,9930,201,432.99,8,1538.14,3.552368414974942,54.12375,0.0202416918429003,2.154179104477612,0.03980099502487562,43.60422960725076
2025-08-04,Google Ads,goog_7082,Google_Campaign_3,10081,218,619.52,14,1592.95,2.5712648502066116,44.25142857142857,0.021624838805674042,2.841834862385321,0.06422018348623854,61.45422081142743
2025-08-04,Google Ads,goog_6239,Google_Campaign_4,10012,207,569.75,18,2319.36,4.070838086880211,31.65277777777778,0.020675189772273273,2.752415458937198,0.08695652173913043,56.90671194566521
2025-08-04,Google Ads,goog_3621,Google_Campaign_5,9893,174,291.73,9,819.97,2.8107153875158537,32.41444444444445,0.017588193672293542,1.676609195402299,0.05172413793103448,29.48852724148388
2025-08-04,LinkedIn Ads,li_7412,LinkedIn_Campaign_1,3009,78,260.25,6,1547.97,5.948011527377521,43.375,0.0259222333000997,3.3365384615384617,0.07692307692307693,86.49052841475573
2025-08-04,LinkedIn Ads,li_8922,LinkedIn_Campaign_2,3022,70,516.07,11,3344.89,6.4814656926385945,46.91545454545455,0.02316346790205162,7.372428571428572,0.15714285714285714,170.771012574454
2025-08-04,LinkedIn Ads,li_662,LinkedIn_Campaign_3,2997,72,559.05,6,2557.63,4.574957517216707,93.175,0.024024024024024024,7.7645833333333325,0.08333333333333333,186.53653653653652
2025-08-04,Meta Ads,meta_1685,Meta_Campaign_1,10204,168,287.1,14,2291.95,7.9831069313827925,20.50714285714286,0.016464131713053703,1.7089285714285716,0.08333333333333333,28.13602508820071
2025-08-04,Meta Ads,meta_1194,Meta_Campaign_2,11785,196,433.56,16,2786.07,6.426030999169665,27.0975,0.01663131098854476,2.212040816326531,0.08163265306122448,36.78913873568095
2025-08-04,Meta Ads,meta_6180,Meta_Campaign_3,9475,145,222.02,9,860.69,3.8766327357895687,24.66888888888889,0.015303430079155673,1.5311724137931035,0.06206896551724138,23.43218997361478
2025-08-04,Meta Ads,meta_7210,Meta_Campaign_4,14265,213,443.36,22,3038.29,6.852873511367737,20.152727272727272,0.014931650893796004,2.0815023474178402,0.10328638497652583,31.080266386260078
2025-08-05,Google Ads,goog_7875,Google_Campaign_1,10217,198,418.39,4,293.69,0.7019527235354573,104.5975,0.019379465596554762,2.113080808080808,0.020202020202020204,40.950376822942154
2025-08-05,Google Ads,goog_2934,Google_Campaign_2,10064,196,361.94,11,582.52,1.6094380284024976,32.903636363636366,0.019475357710651828,1.8466326530612245,0.05612244897959184,35.96383147853736
2025-08-05,Google Ads,goog_7082,Google_Campaign_3,9852,188,349.17,6,518.85,1.4859524014090557,58.195,0.01908241981323589,1.8572872340425532,0.031914893617021274,35.4415347137637
2025-08-05,Google Ads,goog_6239,Google_Campaign_4,10066,211,527.95,8,751.78,1.423960602329766,65.99375,0.020961653089608585,2.502132701421801,0.037914691943127965,52.44883767136897
2025-08-05,Google Ads,goog_3621,Google_Campaign_5,10148,200,307.96,7,962.19,3.12439927263281,43.99428571428571,0.019708316909735908,1.5397999999999998,0.035,30.34686637761135
2025-08-05,LinkedIn Ads,li_7412,LinkedIn_Campaign_1,3020,79,317.54,7,2050.33,6.4569188133778415,45.362857142857145,0.026158940397350994,4.019493670886076,0.08860759493670886,105.14569536423842
2025-08-05,LinkedIn Ads,li_8922,LinkedIn_Campaign_2,2980,71,544.77,15,4601.03,8.445821172237824,36.318,0.0238255033557047,7.67281690140845,0.2112676056338028,182.80872483221475
2025-08-05,LinkedIn Ads,li_662,LinkedIn_Campaign_3,3064,79,391.67,3,1270.75,3.2444404728470393,130.55666666666667,0.025783289817232376,4.957848101265823,0.0379746835443038,127.82963446475196
2025-08-05,Meta Ads,meta_1685,Meta_Campaign_1,15376,215,497.35,20,3271.2,6.577259475218658,24.8675,0.01398283038501561,2.3132558139534884,0.09302325581395349,32.34586368366285
2025-08-05,Meta Ads,meta_1194,Meta_Campaign_2,15745,232,387.03,16,1850.15,4.780378782006563,24.189375,0.014734836456017784,1.6682327586206895,0.06896551724137931,24.581136868847253
2025-08-05,Meta Ads,meta_6180,Meta_Campaign_3,11555,171,244.51,16,2673.55,10.934317614821481,15.281875,0.01479878840328862,1.4298830409356724,0.0935672514619883,21.160536564257896
2025-08-05,Meta Ads,meta_7210,Meta_Campaign_4,11119,181,265.67,10,1143.29,4.303421537998268,26.567,0.016278442305962766,1.467790055248619,0.055248618784530384,23.893335731630543
2025-08-06,Google Ads,goog_7875,Google_Campaign_1,9999,226,535.82,12,623.57,1.1637676831771864,44.65166666666667,0.022602260226022602,2.3708849557522127,0.05309734513274336,53.58735873587359
2025-08-06,Google Ads,goog_2934,Google_Campaign_2,10048,242,513.51,8,1596.25,3.108508110844969,64.18875,0.0240843949044586,2.1219421487603305,0.03305785123966942,51.10569267515923
2025-08-06,Google Ads,goog_7082,Google_Campaign_3,10001,183,332.12,13,1050.02,3.1615681079128026,25.54769230769231,0.0182981701829817,1.8148633879781422,0.07103825136612021,33.20867913208679
2025-08-06,Google Ads,goog_6239,Google_Campaign_4,9901,203,324.51,12,1415.92,4.363255369634218,27.0425,0.020502979497020502,1.5985714285714285,0.059113300492610835,32.775477224522774
2025-08-06,Google Ads,goog_3621,Google_Campaign_5,10007,202,350.04,7,1254.87,3.5849331504970854,50.00571428571429,0.020185869891076246,1.732871287128713,0.034653465346534656,34.97951433996203
2025-08-06,LinkedIn Ads,li_7412,LinkedIn_Campaign_1,2963,84,340.21,10,2251.65,6.618412157197026,34.021,0.028349645629429633,4.050119047619047,0.11904761904761904,114.81943975700302
2025-08-06,LinkedIn Ads,li_8922,LinkedIn_Campaign_2,3064,79,258.27,8,3020.5,11.695125256514501,32.28375,0.025783289817232376,3.2692405063291137,0.10126582278481013,84.29177545691905
2025-08-06,LinkedIn Ads,li_662,LinkedIn_Campaign_3,3019,60,424.49,12,4891.66,11.523616575184338,35.37416666666667,0.01987413050679033,7.074833333333333,0.2,140.6061609804571
2025-08-06,Meta Ads,meta_1685,Meta_Campaign_1,13818,224,355.96,15,622.99,1.7501685582649738,23.730666666666664,0.016210739614994935,1.5891071428571428,0.06696428571428571,25.760602113185698
2025-08-06,Meta Ads,meta_1194,Meta_Campaign_2,13103,206,337.43,16,2587.41,7.667990398008476,21.089375,0.015721590475463634,1.638009708737864,0.07766990291262135,25.752117835610164
2025-08-06,Meta Ads,meta_6180,Meta_Campaign_3,15755,235,243.92,20,1001.36,4.105280419809774,12.196,0.014915899714376388,1.0379574468085107,0.0851063829787234,15.482069184385908
2025-08-06,Meta Ads,meta_7210,Meta_Campaign_4,11922,168,236.76,11,1948.09,8.22812130427437,21.523636363636363,0.014091595369904378,1.4092857142857143,0.06547619047619048,19.859084046300953
2025-08-07,Google Ads,goog_7875,Google_Campaign_1,10175,194,467.55,9,1444.2,3.088867500802053,51.95,0.019066339066339068,2.4100515463917525,0.04639175257731959,45.95085995085995
2025-08-07,Google Ads,goog_2934,Google_Campaign_2,10193,219,652.02,14,961.79,1.475092788564768,46.57285714285714,0.021485333071715882,2.9772602739726026,0.0639269406392694,63.967428627489454
2025-08-07,Google Ads,goog_7082,Google_Campaign_3,10173,209,438.59,6,601.68,1.3718507033904102,73.09833333333333,0.02054457878698516,2.0985167464114833,0.028708133971291867,43.11314263245847
2025-08-07,Google Ads,goog_6239,Google_Campaign_4,10096,204,470.44,15,1529.28,3.2507439843550716,31.362666666666666,0.020206022187004756,2.306078431372549,0.07352941176470588,46.59667194928684
2025-08-07,Google Ads,goog_3621,Google_Campaign_5,9956,212,461.88,7,535.21,1.158764181172599,65.98285714285714,0.02129369224588188,2.178679245283019,0.0330188679245283,46.3921253515468
2025-08-07,LinkedIn Ads,li_7412,LinkedIn_Campaign_1,3019,87,366.68,13,6170.4,16.82775171811934,28.206153846153846,0.028817489234845974,4.214712643678161,0.14942528735632185,121.45743623716463
2025-08-07,LinkedIn Ads,li_8922,LinkedIn_Campaign_2,2973,63,392.34,7,1736.85,4.426900137635724,56.04857142857143,0.02119071644803229,6.227619047619047,0.1111111111111111,131.9677093844601
2025-08-07,LinkedIn Ads,li_662,LinkedIn_Campaign_3,2994,90,649.86,11,5341.46,8.219401101775768,59.07818181818182,0.03006012024048096,7.220666666666667,0.12222222222222222,217.05410821643287
2025-08-07,Meta Ads,meta_1685,Meta_Campaign_1,13250,202,486.74,18,1706.24,3.505444385092657,27.04111111111111,0.015245283018867925,2.4096039603960397,0.0891089108910891,36.73509433962265
2025-08-07,Meta Ads,meta_1194,Meta_Campaign_2,15044,249,524.08,23,3863.92,7.372767516409708,22.78608695652174,0.016551449082690774,2.104738955823293,0.09236947791164658,34.83647965966499
2025-08-07,Meta Ads,meta_6180,Meta_Campaign_3,14843,213,474.53,30,2626.78,5.535540429477589,15.817666666666666,0.014350198746884053,2.2278403755868545,0.14084507042253522,31.969952166004177
2025-08-07,Meta Ads,meta_7210,Meta_Campaign_4,9677,131,302.1,14,1615.93,5.348990400529626,21.57857142857143,0.01353725328097551,2.3061068702290077,0.10687022900763359,31.2183527952878
2025-08-08,Google Ads,goog_7875,Google_Campaign_1,9923,184,486.44,13,1317.06,2.7075487213222598,37.418461538461536,0.018542779401390708,2.6436956521739132,0.07065217391304347,49.02146528267661
2025-08-08,Google Ads,goog_2934,Google_Campaign_2,10104,215,450.63,13,942.34,2.09116126312052,34.66384615384615,0.02127870150435471,2.095953488372093,0.06046511627906977,44.59916864608076
2025-08-08,Google Ads,goog_7082,Google_Campaign_3,9916,188,477.69,10,877.7,1.8373840775398271,47.769,0.018959257765227916,2.5409042553191488,0.05319148936170213,48.17365873336023
2025-08-08,Google Ads,goog_6239,Google_Campaign_4,9955,204,595.87,7,965.54,1.6203869971638107,85.12428571428572,0.020492214967353088,2.9209313725490196,0.03431372549019608,59.85635359116022
2025-08-08,Google Ads,goog_3621,Google_Campaign_5,10002,178,515.88,9,1390.48,2.6953555090331087,57.32,0.01779644071185763,2.898202247191011,0.05056179775280899,51.577684463107374
2025-08-08,LinkedIn Ads,li_7412,LinkedIn_Campaign_1,3031,80,290.13,7,3026.14,10.43028987005825,41.44714285714286,0.026393929396238865,3.6266249999999998,0.0875,95.72088419663477
2025-08-08,LinkedIn Ads,li_8922,LinkedIn_Campaign_2,2903,81,258.27,4,1493.3,5.781933635342859,64.5675,0.027902170168790905,3.188518518518518,0.04938271604938271,88.96658629004477
2025-08-08,LinkedIn Ads,li_662,LinkedIn_Campaign_3,3028,77,356.44,12,5446.51,15.280299629671193,29.703333333333333,0.025429326287978865,4.629090909090909,0.15584415584415584,117.71466314398943
2025-08-08,Meta Ads,meta_1685,Meta_Campaign_1,12583,208,323.82,22,1474.03,4.552004199864122,14.719090909090909,0.016530239211634747,1.556826923076923,0.10576923076923077,25.734721449574824
2025-08-08,Meta Ads,meta_1194,Meta_Campaign_2,14635,218,527.02,15,2512.23,4.766858942734621,35.13466666666667,0.014895797745131533,2.4175229357798163,0.06880733944954129,36.01093269559275
2025-08-08,Meta Ads,meta_6180,Meta_Campaign_3,9776,139,145.44,6,407.29,2.800398789878988,24.24,0.01421849427168576,1.0463309352517987,0.04316546762589928,14.877250409165303
2025-08-08,Meta Ads,meta_7210,Meta_Campaign_4,13009,188,286.65,13,1045.77,3.648246991104134,22.049999999999997,0.014451533553693597,1.5247340425531914,0.06914893617021277,22.034745176416322
2025-08-09,Google Ads,goog_7875,Google_Campaign_1,10093,204,555.26,11,1413.06,2.544861866512985,50.47818181818182,0.020212028138313683,2.721862745098039,0.05392156862745098,55.01436639254929
2025-08-09,Google Ads,goog_2934,Google_Campaign_2,9959,194,418.79,9,1074.62,2.566011604861625,46.532222222222224,0.019479867456571945,2.1587113402061857,0.04639175257731959,42.051410784215285
2025-08-09,Google Ads,goog_7082,Google_Campaign_3,9941,213,606.91,10,1315.33,2.167257089189501,60.690999999999995,0.02142641585353586,2.849342723004695,0.046948356807511735,61.05120209234483
2025-08-09,Google Ads,goog_6239,Google_Campaign_4,10157,183,446.81,8,567.13,1.2692867214252144,55.85125,0.018017131042630696,2.4415846994535517,0.04371584699453552,43.99035148173673
2025-08-09,Google Ads,goog_3621,Google_Campaign_5,10092,200,536.58,7,677.31,1.262272168176227,76.65428571428572,0.019817677368212445,2.6829,0.035,53.16884661117718
2025-08-09,LinkedIn Ads,li_7412,LinkedIn_Campaign_1,3027,80,481.92,9,4299.8,8.92222775564409,53.54666666666667,0.026428807400066073,6.024,0.1125,159.20713577799802
2025-08-09,LinkedIn Ads,li_8922,LinkedIn_Campaign_2,3022,78,567.95,7,2340.32,4.120644422924554,81.13571428571429,0.025810721376571807,7.281410256410257,0.08974358974358974,187.93845135671742
2025-08-09,LinkedIn Ads,li_662,LinkedIn_Campaign_3,3037,83,457.16,11,3170.62,6.935471169831131,41.56,0.02732960158050708,5.507951807228916,0.13253012048192772,150.5301284162002
2025-08-09,Meta Ads,meta_1685,Meta_Campaign_1,12320,176,248.58,14,1963.38,7.898382814385711,17.755714285714287,0.014285714285714285,1.4123863636363636,0.07954545454545454,20.176948051948052
2025-08-09,Meta Ads,meta_1194,Meta_Campaign_2,15099,213,330.44,19,2793.69,8.454454666505265,17.39157894736842,0.01410689449632426,1.5513615023474179,0.0892018779342723,21.884893039274125
2025-08-09,Meta Ads,meta_6180,Meta_Campaign_3,12196,149,371.67,15,2497.98,6.720962143837275,24.778000000000002,0.012217120367333552,2.494429530201342,0.10067114093959731,30.474745818301084
2025-08-09,Meta Ads,meta_7210,Meta_Campaign_4,10694,148,294.25,14,2518.26,8.558232795242143,21.017857142857142,0.013839536188516926,1.9881756756756757,0.0945945945945946,27.5154292126426
2025-08-10,Google Ads,goog_7875,Google_Campaign_1,9948,213,356.19,11,1026.24,2.8811589320306576,32.38090909090909,0.02141133896260555,1.6722535211267606,0.051643192488262914,35.80518697225573
2025-08-10,Google Ads,goog_2934,Google_Campaign_2,10023,206,325.01,9,631.46,1.9428940647980064,36.11222222222222,0.02055272872393495,1.5777184466019416,0.043689320388349516,32.426419235757756
2025-08-10,Google Ads,goog_7082,Google_Campaign_3,9948,191,504.31,10,1207.36,2.3940830045011996,50.431,0.019199839163650985,2.640366492146597,0.05235602094240838,50.694611982308
2025-08-10,Google Ads,goog_6239,Google_Campaign_4,9975,171,504.03,5,798.15,1.5835366942443903,100.806,0.017142857142857144,2.9475438596491226,0.029239766081871343,50.529323308270676
2025-08-10,Google Ads,goog_3621,Google_Campaign_5,10200,187,441.64,12,851.59,1.9282447242097638,36.803333333333335,0.018333333333333333,2.361711229946524,0.06417112299465241,43.29803921568627
2025-08-10,LinkedIn Ads,li_7412,LinkedIn_Campaign_1,3026,60,299.27,11,2406.36,8.04076586360143,27.206363636363633,0.01982815598149372,4.987833333333333,0.18333333333333332,98.89953734302709
2025-08-10,LinkedIn Ads,li_8922,LinkedIn_Campaign_2,3069,85,400.44,16,5146.04,12.850963939666366,25.0275,0.027696318018898665,4.711058823529411,0.18823529411764706,130.4789833822092
2025-08-10,LinkedIn Ads,li_662,LinkedIn_Campaign_3,3037,71,387.62,9,3323.61,8.57440276559517,43.06888888888889,0.023378333882120513,5.45943661971831,0.1267605633802817,127.63253210405004
2025-08-10,Meta Ads,meta_1685,Meta_Campaign_1,11069,161,291.0,14,978.24,3.3616494845360827,20.785714285714285,0.014545126027644774,1.8074534161490683,0.08695652173913043,26.289637726985276
2025-08-10,Meta Ads,meta_1194,Meta_Campaign_2,11905,179,384.17,15,1433.44,3.7312648046437773,25.611333333333334,0.01503569928601428,2.146201117318436,0.08379888268156424,32.26963460730786
2025-08-10,Meta Ads,meta_6180,Meta_Campaign_3,15978,247,407.39,20,2543.63,6.243722231768085,20.3695,0.015458755789210164,1.6493522267206477,0.08097165991902834,25.496933283264486
2025-08-10,Meta Ads,meta_7210,Meta_Campaign_4,10178,170,280.53,20,1169.28,4.168110362528072,14.026499999999999,0.016702692080958932,1.6501764705882351,0.11764705882352941,27.562389467478873
2025-08-11,Google Ads,goog_7875,Google_Campaign_1,9869,195,459.45,8,1583.82,3.447208619000979,57.43125,0.019758840814672204,2.356153846153846,0.041025641025641026,46.55486878103151
2025-08-11,Google Ads,goog_2934,Google_Campaign_2,10030,200,373.79,7,545.9,1.4604457048075121,53.39857142857143,0.019940179461615155,1.8689500000000001,0.035,37.267198404785645
2025-08-11,Google Ads,goog_7082,Google_Campaign_3,9936,220,503.09,10,1973.57,3.9228964996322726,50.309,0.02214170692431562,2.286772727272727,0.045454545454545456,50.63305152979066
2025-08-11,Google Ads,goog_6239,Google_Campaign_4,9858,225,613.26,9,680.7,1.1099696702866648,68.14,0.02282410225197809,2.7256,0.04,62.20937309799148
2025-08-11,Google Ads,goog_3621,Google_Campaign_5,10049,209,401.27,13,1014.74,2.5288209933461263,30.866923076923076,0.020798089362125585,1.9199521531100479,0.06220095693779904,39.9313364513882
2025-08-11,LinkedIn Ads,li_7412,LinkedIn_Campaign_1,3047,90,271.82,16,6195.44,22.79243617099551,16.98875,0.029537249753856253,3.0202222222222224,0.17777777777777778,89.20905808992453
2025-08-11,LinkedIn Ads,li_8922,LinkedIn_Campaign_2,2971,73,337.13,14,3006.28,8.917272268857712,24.080714285714286,0.024570851565129587,4.6182191780821915,0.1917808219178082,113.47357791989229
2025-08-11,LinkedIn Ads,li_662,LinkedIn_Campaign_3,2993,76,455.3,12,4923.52,10.813793103448276,37.94166666666667,0.02539258269295022,5.99078947368421,0.15789473684210525,152.12161710658202
2025-08-11,Meta Ads,meta_1685,Meta_Campaign_1,11418,169,343.87,9,487.66,1.418152208683514,38.20777777777778,0.014801191101769137,2.034733727810651,0.05325443786982249,30.11648274654055
2025-08-11,Meta Ads,meta_1194,Meta_Campaign_2,13027,203,251.89,20,2196.75,8.721068720473223,12.5945,0.015583019881783988,1.2408374384236454,0.09852216748768473,19.33599447301758
2025-08-11,Meta Ads,meta_6180,Meta_Campaign_3,10123,160,369.11,8,1027.13,2.78272059819566,46.13875,0.01580559122789687,2.3069375,0.05,36.462511113306334
2025-08-11,Meta Ads,meta_7210,Meta_Campaign_4,11038,157,283.62,5,591.13,2.0842324236654677,56.724000000000004,0.014223591230295343,1.8064968152866243,0.03184713375796178,25.694872259467296
2025-08-12,Google Ads,goog_7875,Google_Campaign_1,10097,203,417.31,10,1427.38,3.42043085476025,41.731,0.020104981677726057,2.0557142857142856,0.04926108374384237,41.33009804892542
2025-08-12,Google Ads,goog_2934,Google_Campaign_2,9962,194,364.46,11,2027.09,5.561899796959886,33.13272727272727,0.019474001204577394,1.878659793814433,0.05670103092783505,36.58502308773338
2025-08-12,Google Ads,goog_7082,Google_Campaign_3,10003,193,443.69,7,632.71,1.4260181658365076,63.38428571428572,0.019294211736479057,2.2989119170984456,0.03626943005181347,44.3556932920124
2025-08-12,Google Ads,goog_6239,Google_Campaign_4,9965,207,412.19,7,1285.05,3.117615662679832,58.88428571428572,0.020772704465629704,1.991256038647343,0.033816425120772944,41.36377320622177
2025-08-12,Google Ads,goog_3621,Google_Campaign_5,10027,189,449.87,11,1262.24,2.8057883388534464,40.89727272727273,0.01884910740999302,2.3802645502645503,0.0582010582010582,44.86586217213524
2025-08-12,LinkedIn Ads,li_7412,LinkedIn_Campaign_1,3035,77,313.98,8,3926.91,12.506879419071277,39.2475,0.025370675453047775,4.077662337662338,0.1038961038961039,103.45304777594728
2025-08-12,LinkedIn Ads,li_8922,LinkedIn_Campaign_2,3043,65,412.55,3,1346.22,3.2631681008362623,137.51666666666668,0.021360499507065395,6.346923076923077,0.046153846153846156,135.57344725599737
2025-08-12,LinkedIn Ads,li_662,LinkedIn_Campaign_3,2920,71,224.52,7,2741.37,12.20991448423303,32.074285714285715,0.024315068493150686,3.1622535211267606,0.09859154929577464,76.89041095890411
2025-08-12,Meta Ads,meta_1685,Meta_Campaign_1,15939,249,463.31,22,3249.61,7.013899980574561,21.059545454545454,0.01562205910031997,1.8606827309236948,0.08835341365461848,29.06769558943472
2025-08-12,Meta Ads,meta_1194,Meta_Campaign_2,15066,232,330.63,18,2496.59,7.551008680398029,18.368333333333332,0.015398911456259127,1.4251293103448275,0.07758620689655173,21.945440063719634
2025-08-12,Meta Ads,meta_6180,Meta_Campaign_3,9981,147,270.0,17,2262.12,8.378222222222222,15.882352941176471,0.014727983168019236,1.836734693877551,0.11564625850340136,27.051397655545536
2025-08-12,Meta Ads,meta_7210,Meta_Campaign_4,14829,209,407.06,18,2835.46,6.9657053014297645,22.614444444444445,0.014094004990221863,1.9476555023923445,0.0861244019138756,27.45026636995077
2025-08-13,Google Ads,goog_7875,Google_Campaign_1,9950,207,350.52,7,509.5,1.4535547187036404,50.074285714285715,0.020804020100502512,1.6933333333333331,0.033816425120772944,35.22814070351759
2025-08-13,Google Ads,goog_2934,Google_Campaign_2,9876,195,554.81,9,1351.2,2.435428344838774,61.645555555555546,0.01974483596597813,2.845179487179487,0.046153846153846156,56.177602268124744
2025-08-13,Google Ads,goog_7082,Google_Campaign_3,9893,194,372.07,7,443.14,1.191012443894966,53.152857142857144,0.019609825128879006,1.9178865979381443,0.03608247422680412,37.609420802587685
2025-08-13,Google Ads,goog_6239,Google_Campaign_4,9864,196,442.0,11,614.87,1.3911085972850679,40.18181818181818,0.019870235198702353,2.2551020408163267,0.05612244897959184,44.809407948094076
2025-08-13,Google Ads,goog_3621,Google_Campaign_5,10095,181,521.52,5,457.66,0.8775502377665287,104.304,0.017929668152550766,2.8813259668508286,0.027624309392265192,51.661218424962854
2025-08-13,LinkedIn Ads,li_7412,LinkedIn_Campaign_1,2973,59,461.99,5,2197.47,4.7565315266564205,92.398,0.01984527413387151,7.830338983050847,0.0847457627118644,155.39522367978472
2025-08-13,LinkedIn Ads,li_8922,LinkedIn_Campaign_2,2983,66,499.95,6,1909.2,3.818781878187819,83.325,0.02212537713711029,7.575,0.09090909090909091,167.59973181361045
2025-08-13,LinkedIn Ads,li_662,LinkedIn_Campaign_3,3012,68,331.1,11,3655.68,11.041014799154333,30.1,0.02257636122177955,4.8691176470588236,0.16176470588235295,109.92695883134131
2025-08-13,Meta Ads,meta_1685,Meta_Campaign_1,12855,183,358.68,12,1601.32,4.46448087431694,29.89,0.014235705950991832,1.96,0.06557377049180328,27.90198366394399
2025-08-13,Meta Ads,meta_1194,Meta_Campaign_2,11243,167,271.75,16,1360.41,5.006108555657774,16.984375,0.014853686738415015,1.627245508982036,0.09580838323353294,24.170595036911855
2025-08-13,Meta Ads,meta_6180,Meta_Campaign_3,12430,195,301.61,11,688.19,2.2817214283346043,27.41909090909091,0.015687851971037812,1.5467179487179488,0.05641025641025641,24.264682220434434
2025-08-13,Meta Ads,meta_7210,Meta_Campaign_4,11326,165,393.45,23,2471.03,6.280416825517856,17.106521739130436,0.014568250044146212,2.3845454545454543,0.1393939393939394,34.73865442345047
2025-08-14,Google Ads,goog_7875,Google_Campaign_1,9916,215,359.12,12,1536.55,4.278653374916463,29.926666666666666,0.021682129891085113,1.6703255813953488,0.05581395348837209,36.21621621621622
2025-08-14,Google Ads,goog_2934,Google_Campaign_2,10084,215,503.4,14,1547.31,3.0737187127532777,35.957142857142856,0.021320904403014675,2.3413953488372092,0.06511627906976744,49.920666402221336
2025-08-14,Google Ads,goog_7082,Google_Campaign_3,9873,184,313.64,3,307.76,0.9812523912766229,104.54666666666667,0.018636685911070597,1.7045652173913042,0.016304347826086956,31.767446571457512
2025-08-14,Google Ads,goog_6239,Google_Campaign_4,10026,194,392.34,10,1675.48,4.270479685986644,39.233999999999995,0.019349690803909834,2.0223711340206183,0.05154639175257732,39.13225613405146
2025-08-14,Google Ads,goog_3621,Google_Campaign_5,9970,181,405.11,7,832.09,2.053985337315791,57.87285714285714,0.018154463390170513,2.2381767955801104,0.03867403314917127,40.63289869608826
2025-08-14,LinkedIn Ads,li_7412,LinkedIn_Campaign_1,2940,77,349.56,9,2928.08,8.376473280695732,38.84,0.02619047619047619,4.53974025974026,0.11688311688311688,118.89795918367348
2025-08-14,LinkedIn Ads,li_8922,LinkedIn_Campaign_2,3032,87,684.54,14,5270.4,7.699184854062582,48.895714285714284,0.028693931398416885,7.868275862068965,0.16091954022988506,225.77176781002638
2025-08-14,LinkedIn Ads,li_662,LinkedIn_Campaign_3,3003,89,376.6,11,4400.56,11.684970791290494,34.23636363636364,0.029637029637029636,4.2314606741573035,0.12359550561797752,125.40792540792542
2025-08-14,Meta Ads,meta_1685,Meta_Campaign_1,10160,169,315.09,16,1716.69,5.448252880129488,19.693125,0.016633858267716534,1.864437869822485,0.09467455621301775,31.01279527559055
2025-08-14,Meta Ads,meta_1194,Meta_Campaign_2,9685,146,158.68,15,1149.37,7.24331988908495,10.578666666666667,0.015074858027878162,1.0868493150684932,0.10273972602739725,16.384099122354158
2025-08-14,Meta Ads,meta_6180,Meta_Campaign_3,10806,153,205.68,21,1089.94,5.299202644885259,9.794285714285715,0.014158800666296502,1.3443137254901962,0.13725490196078433,19.033870072182122
2025-08-14,Meta Ads,meta_7210,Meta_Campaign_4,13114,210,396.75,20,1409.3,3.5521109010712033,19.8375,0.016013420771694372,1.8892857142857142,0.09523809523809523,30.253927100808294
2025-08-15,Google Ads,goog_7875,Google_Campaign_1,9825,224,516.13,9,1548.62,3.0004456241644544,57.34777777777778,0.022798982188295167,2.3041517857142857,0.04017857142857143,52.5323155216285
2025-08-15,Google Ads,goog_2934,Google_Campaign_2,10054,216,626.2,14,794.96,1.2694985627595017,44.728571428571435,0.021483986473045554,2.899074074074074,0.06481481481481481,62.28366819176448
2025-08-15,Google Ads,goog_7082,Google_Campaign_3,9882,187,516.71,12,1443.65,2.7939269609645643,43.05916666666667,0.01892329487957903,2.7631550802139038,0.06417112299465241,52.287998380894564
2025-08-15,Google Ads,goog_6239,Google_Campaign_4,9976,178,484.04,20,3989.91,8.242934468225766,24.202,0.017842822774659182,2.7193258426966294,0.11235955056179775,48.52044907778669
2025-08-15,Google Ads,goog_3621,Google_Campaign_5,10016,198,335.36,15,2113.89,6.303345658396946,22.357333333333333,0.019768370607028754,1.6937373737373738,0.07575757575757576,33.48242811501598
2025-08-15,LinkedIn Ads,li_7412,LinkedIn_Campaign_1,2997,74,429.83,9,2404.54,5.594165135053394,47.75888888888889,0.024691358024691357,5.808513513513513,0.12162162162162163,143.42008675342007
2025-08-15,LinkedIn Ads,li_8922,LinkedIn_Campaign_2,2968,59,210.42,6,1412.22,6.711434274308527,35.07,0.019878706199460916,3.5664406779661015,0.1016949152542373,70.89622641509435
2025-08-15,LinkedIn Ads,li_662,LinkedIn_Campaign_3,3047,85,367.72,4,1867.04,5.077341455455238,91.93,0.02789629143419757,4.326117647058824,0.047058823529411764,120.68263866097801
2025-08-15,Meta Ads,meta_1685,Meta_Campaign_1,15502,249,293.4,24,3268.2,11.139059304703476,12.225,0.016062443555670235,1.1783132530120481,0.0963855421686747,18.926590117404203
2025-08-15,Meta Ads,meta_1194,Meta_Campaign_2,12786,186,218.5,16,2472.89,11.317574370709382,13.65625,0.014547160957297044,1.174731182795699,0.08602150537634409,17.089003597684968
2025-08-15,Meta Ads,meta_6180,Meta_Campaign_3,10608,165,405.02,14,1336.95,3.3009481013283297,28.93,0.015554298642533937,2.4546666666666668,0.08484848484848485,38.18061840120664
2025-08-15,Meta Ads,meta_7210,Meta_Campaign_4,14742,222,537.85,21,1073.79,1.9964488240215672,25.611904761904764,0.015059015059015059,2.422747747747748,0.0945945945945946,36.484194817528156
2025-08-16,Google Ads,goog_7875,Google_Campaign_1,9978,191,289.75,9,526.01,1.815392579810181,32.19444444444444,0.019142112647825216,1.5170157068062826,0.04712041884816754,29.038885548206053
2025-08-16,Google Ads,goog_2934,Google_Campaign_2,9863,196,404.21,8,1442.32,3.568244229484674,50.52625,0.0198722498225692,2.062295918367347,0.04081632653061224,40.98245969786069
2025-08-16,Google Ads,goog_7082,Google_Campaign_3,10008,188,555.34,9,1299.69,2.340350055821659,61.70444444444445,0.018784972022382093,2.953936170212766,0.047872340425531915,55.48960831334932
2025-08-16,Google Ads,goog_6239,Google_Campaign_4,10058,212,604.57,6,552.87,0.9144846750583059,100.76166666666667,0.021077749055478226,2.851745283018868,0.02830188679245283,60.10837144561543
2025-08-16,Google Ads,goog_3621,Google_Campaign_5,9987,206,452.28,9,1237.94,2.737109755019015,50.25333333333333,0.02062681485931711,2.1955339805825242,0.043689320388349516,45.28687293481526
2025-08-16,LinkedIn Ads,li_7412,LinkedIn_Campaign_1,2982,85,375.42,8,3152.72,8.39784774386021,46.9275,0.028504359490274984,4.416705882352941,0.09411764705882353,125.89537223340042
2025-08-16,LinkedIn Ads,li_8922,LinkedIn_Campaign_2,3050,68,216.68,8,3714.39,17.14228355178143,27.085,0.022295081967213116,3.186470588235294,0.11764705882352941,71.04262295081968
2025-08-16,LinkedIn Ads,li_662,LinkedIn_Campaign_3,3070,78,591.75,10,3128.05,5.28610054921842,59.175,0.025407166123778503,7.586538461538462,0.1282051282051282,192.75244299674267
2025-08-16,Meta Ads,meta_1685,Meta_Campaign_1,11748,172,251.35,15,2103.69,8.36956435249652,16.756666666666668,0.014640789921688798,1.4613372093023256,0.0872093023255814,21.39513108614232
2025-08-16,Meta Ads,meta_1194,Meta_Campaign_2,15816,271,421.17,30,4585.7,10.888002469311678,14.039,0.017134547293879615,1.5541328413284135,0.11070110701107011,26.629362670713203
2025-08-16,Meta Ads,meta_6180,Meta_Campaign_3,14978,234,416.47,18,1208.94,2.9028261339352173,23.137222222222224,0.015622913606623047,1.7797863247863248,0.07692307692307693,27.805447990385904
2025-08-16,Meta Ads,meta_7210,Meta_Campaign_4,12706,200,448.55,10,1737.59,3.8737933340764683,44.855000000000004,0.015740594994490792,2.24275,0.05,35.30221942389422
2025-08-17,Google Ads,goog_7875,Google_Campaign_1,9840,203,441.05,8,794.4,1.8011563314816914,55.13125,0.020630081300813008,2.1726600985221673,0.03940886699507389,44.822154471544714
2025-08-17,Google Ads,goog_2934,Google_Campaign_2,10050,192,304.58,10,1162.3,3.8160745945236063,30.458,0.0191044776119403,1.5863541666666665,0.052083333333333336,30.306467661691542
2025-08-17,Google Ads,goog_7082,Google_Campaign_3,10142,203,536.38,11,716.85,1.3364592266676611,48.76181818181818,0.020015775981068823,2.6422660098522166,0.054187192118226604,52.887004535594556
2025-08-17,Google Ads,goog_6239,Google_Campaign_4,9833,178,455.57,5,313.63,0.6884342691573194,91.114,0.0181023085528323,2.55938202247191,0.028089887640449437,46.330723075358485
2025-08-17,Google Ads,goog_3621,Google_Campaign_5,9963,195,316.92,12,1605.13,5.064779755143254,26.41,0.019572417946401688,1.6252307692307693,0.06153846153846154,31.809695874736526
2025-08-17,LinkedIn Ads,li_7412,LinkedIn_Campaign_1,3096,99,713.32,10,2939.72,4.121179835137105,71.33200000000001,0.03197674418604651,7.205252525252526,0.10101010101010101,230.40051679586566
2025-08-17,LinkedIn Ads,li_8922,LinkedIn_Campaign_2,3027,72,522.64,10,2463.66,4.713875707944283,52.263999999999996,0.023785926660059464,7.2588888888888885,0.1388888888888889,172.65939874463166
2025-08-17,LinkedIn Ads,li_662,LinkedIn_Campaign_3,3047,82,296.72,13,3440.05,11.59358991641952,22.824615384615388,0.026911716442402363,3.618536585365854,0.15853658536585366,97.38103052182475
2025-08-17,Meta Ads,meta_1685,Meta_Campaign_1,14711,216,294.95,18,2983.35,10.114765214443127,16.38611111111111,0.014682890354156753,1.3655092592592593,0.08333333333333333,20.04962273128951
2025-08-17,Meta Ads,meta_1194,Meta_Campaign_2,12095,184,458.14,11,1737.72,3.7929890426507185,41.64909090909091,0.015212897891690782,2.489891304347826,0.059782608695652176,37.87846217445225
2025-08-17,Meta Ads,meta_6180,Meta_Campaign_3,15590,260,322.62,19,2060.56,6.386956791271465,16.98,0.01667735728030789,1.240846153846154,0.07307692307692308,20.694034637588196
2025-08-17,Meta Ads,meta_7210,Meta_Campaign_4,14976,228,493.68,16,2463.05,4.989163020580134,30.855,0.015224358974358974,2.165263157894737,0.07017543859649122,32.96474358974359
2025-08-18,Google Ads,goog_7875,Google_Campaign_1,9903,202,331.62,11,667.46,2.0127254086002053,30.14727272727273,0.02039785923457538,1.6416831683168318,0.054455445544554455,33.48682217509845
2025-08-18,Google Ads,goog_2934,Google_Campaign_2,9947,177,340.33,5,772.55,2.2700026444921106,68.066,0.017794309842163465,1.9227683615819209,0.02824858757062147,34.2143359806977
2025-08-18,Google Ads,goog_7082,Google_Campaign_3,10037,207,543.57,13,2581.49,4.749139945177253,41.81307692307693,0.020623692338348112,2.6259420289855075,0.06280193236714976,54.15662050413471
2025-08-18,Google Ads,goog_6239,Google_Campaign_4,9975,171,366.54,10,1631.81,4.451928848147541,36.654,0.017142857142857144,2.1435087719298247,0.05847953216374269,36.74586466165414
2025-08-18,Google Ads,goog_3621,Google_Campaign_5,9851,197,390.07,14,1517.32,3.889865921501269,27.862142857142857,0.019997969749264034,1.9800507614213199,0.07106598984771574,39.59699522891077
2025-08-18,LinkedIn Ads,li_7412,LinkedIn_Campaign_1,3016,83,554.61,7,3155.11,5.688880474567714,79.23,0.027519893899204242,6.682048192771084,0.08433734939759036,183.8892572944297
2025-08-18,LinkedIn Ads,li_8922,LinkedIn_Campaign_2,2989,76,576.75,6,2588.99,4.488929345470307,96.125,0.02542656406825025,7.588815789473684,0.07894736842105263,192.95751087320173
2025-08-18,LinkedIn Ads,li_662,LinkedIn_Campaign_3,3026,91,342.99,10,4135.61,12.057523542960435,34.299,0.03007270323859881,3.7691208791208792,0.10989010989010989,113.34765366820885
2025-08-18,Meta Ads,meta_1685,Meta_Campaign_1,15240,216,416.75,13,1062.05,2.548410317936413,32.05769230769231,0.014173228346456693,1.9293981481481481,0.06018518518518518,27.345800524934383
2025-08-18,Meta Ads,meta_1194,Meta_Campaign_2,15517,211,408.93,20,1534.24,3.7518401682439535,20.4465,0.01359798930205581,1.9380568720379148,0.0947867298578199,26.35367661274731
2025-08-18,Meta Ads,meta_6180,Meta_Campaign_3,10506,146,349.7,12,1202.77,3.439433800400343,29.141666666666666,0.013896820864268038,2.3952054794520548,0.0821917808219178,33.285741481058444
2025-08-18,Meta Ads,meta_7210,Meta_Campaign_4,11917,187,271.66,11,972.86,3.5811676360156075,24.69636363636364,0.015691868758915834,1.4527272727272729,0.058823529411764705,22.796005706134096
2025-08-19,Google Ads,goog_7875,Google_Campaign_1,9861,176,449.77,8,517.4,1.1503657424906064,56.22125,0.0178480884291654,2.5555113636363633,0.045454545454545456,45.61099279991887
2025-08-19,Google Ads,goog_2934,Google_Campaign_2,9998,195,409.06,11,1597.9,3.906272918398279,37.18727272727273,0.01950390078015603,2.09774358974359,0.05641025641025641,40.91418283656731
2025-08-19,Google Ads,goog_7082,Google_Campaign_3,9759,170,473.4,10,744.4,1.572454583861428,47.339999999999996,0.01741981760426273,2.784705882352941,0.058823529411764705,48.509068552105745
2025-08-19,Google Ads,goog_6239,Google_Campaign_4,9815,182,529.68,10,1082.25,2.043214771182601,52.967999999999996,0.018543046357615896,2.91032967032967,0.054945054945054944,53.966377992868054
2025-08-19,Google Ads,goog_3621,Google_Campaign_5,10041,198,411.67,16,2972.84,7.2214152112128644,25.729375,0.01971915147893636,2.0791414141414144,0.08080808080808081,40.998904491584504
2025-08-19,LinkedIn Ads,li_7412,LinkedIn_Campaign_1,3020,72,389.6,8,3382.27,8.68139117043121,48.7,0.02384105960264901,5.411111111111111,0.1111111111111111,129.0066225165563
2025-08-19,LinkedIn Ads,li_8922,LinkedIn_Campaign_2,2976,74,268.71,10,2913.71,10.843325518216666,26.871,0.02486559139784946,3.631216216216216,0.13513513513513514,90.29233870967741
2025-08-19,LinkedIn Ads,li_662,LinkedIn_Campaign_3,3037,85,386.07,9,3379.38,8.753283083378662,42.89666666666667,0.02798814619690484,4.542,0.10588235294117647,127.12216002634177
2025-08-19,Meta Ads,meta_1685,Meta_Campaign_1,15868,209,225.31,16,2445.31,10.853091296436022,14.081875,0.013171162087219562,1.0780382775119617,0.07655502392344497,14.199016889337031
2025-08-19,Meta Ads,meta_1194,Meta_Campaign_2,15359,204,498.2,19,1196.6,2.401846647932557,26.221052631578946,0.013282114721010482,2.442156862745098,0.09313725490196079,32.43700761768344
2025-08-19,Meta Ads,meta_6180,Meta_Campaign_3,15654,232,402.08,20,1330.2,3.308296856346996,20.104,0.014820493164686342,1.733103448275862,0.08620689655172414,25.68544780886674
2025-08-19,Meta Ads,meta_7210,Meta_Campaign_4,14910,217,247.58,19,1430.38,5.777445674125535,13.030526315789475,0.01455399061032864,1.1409216589861753,0.08755760368663594,16.60496311200537
2025-08-20,Google Ads,goog_7875,Google_Campaign_1,9869,221,348.63,11,1442.05,4.136333648854086,31.69363636363636,0.022393352923295168,1.5775113122171947,0.049773755656108594,35.325767554970106
2025-08-20,Google Ads,goog_2934,Google_Campaign_2,10040,232,460.39,14,1268.75,2.7558157214535504,32.885,0.023107569721115537,1.9844396551724137,0.0603448275862069,45.85557768924303
2025-08-20,Google Ads,goog_7082,Google_Campaign_3,9983,175,481.94,10,1113.43,2.3103083371374034,48.194,0.01752980066112391,2.753942857142857,0.05714285714285714,48.27606931784033
2025-08-20,Google Ads,goog_6239,Google_Campaign_4,9893,193,496.38,11,1011.89,2.038539022523067,45.125454545454545,0.019508743556049733,2.5719170984455957,0.05699481865284974,50.17487112099464
2025-08-20,Google Ads,goog_3621,Google_Campaign_5,10015,211,429.17,13,678.07,1.579956660530792,33.01307692307692,0.02106839740389416,2.0339810426540286,0.061611374407582936,42.85272091862207
2025-08-20,LinkedIn Ads,li_7412,LinkedIn_Campaign_1,3002,72,262.78,7,1770.29,6.736776010350864,37.54,0.023984010659560292,3.6497222222222216,0.09722222222222222,87.53497668221185
2025-08-20,LinkedIn Ads,li_8922,LinkedIn_Campaign_2,3065,78,242.7,8,2436.05,10.037288833951381,30.3375,0.025448613376835235,3.1115384615384616,0.10256410256410256,79.18433931484502
2025-08-20,LinkedIn Ads,li_662,LinkedIn_Campaign_3,2960,83,466.27,11,5227.58,11.211486906727862,42.38818181818181,0.028040540540540542,5.6177108433734935,0.13253012048192772,157.52364864864865
2025-08-20,Meta Ads,meta_1685,Meta_Campaign_1,15030,244,469.99,23,3908.04,8.315155641609396,20.434347826086956,0.016234198270126413,1.926188524590164,0.0942622950819672,31.270126413838987
2025-08-20,Meta Ads,meta_1194,Meta_Campaign_2,12863,210,344.87,18,1431.75,4.151564357584017,19.159444444444446,0.016325895980719894,1.6422380952380953,0.08571428571428572,26.811008318432716
2025-08-20,Meta Ads,meta_6180,Meta_Campaign_3,10263,150,173.13,12,1069.51,6.17749667879628,14.4275,0.014615609470914937,1.1542,0.08,16.86933645133002
2025-08-20,Meta Ads,meta_7210,Meta_Campaign_4,10099,151,246.45,14,2123.21,8.615175491986205,17.603571428571428,0.014951975443113179,1.6321192052980131,0.09271523178807947,24.403406277849292
2025-08-21,Google Ads,goog_7875,Google_Campaign_1,10058,189,564.18,6,766.5,1.358608954588961,94.02999999999999,0.01879101212964804,2.9850793650793648,0.031746031746031744,56.09266255716842
2025-08-21,Google Ads,goog_2934,Google_Campaign_2,10134,209,567.23,13,2340.79,4.126703453625513,43.63307692307693,0.020623643181369646,2.714019138755981,0.06220095693779904,55.97296230511151
2025-08-21,Google Ads,goog_7082,Google_Campaign_3,10164,203,502.41,12,2032.43,4.04536135825322,41.8675,0.01997245179063361,2.4749261083743845,0.059113300492610835,49.43034238488784
2025-08-21,Google Ads,goog_6239,Google_Campaign_4,10143,215,509.0,5,599.2,1.1772102161100197,101.8,0.021196884550921818,2.3674418604651164,0.023255813953488372,50.18239179729863
2025-08-21,Google Ads,goog_3621,Google_Campaign_5,10012,224,348.55,14,1456.4,4.178453593458614,24.896428571428572,0.022373152217339192,1.5560267857142858,0.0625,34.81322413104275
2025-08-21,LinkedIn Ads,li_7412,LinkedIn_Campaign_1,3043,68,471.5,2,735.43,1.5597667020148462,235.75,0.0223463687150838,6.9338235294117645,0.029411764705882353,154.94577719355897
2025-08-21,LinkedIn Ads,li_8922,LinkedIn_Campaign_2,3044,81,274.99,12,5934.24,21.57983926688243,22.915833333333335,0.026609724047306178,3.3949382716049383,0.14814814814814814,90.33837056504599
2025-08-21,LinkedIn Ads,li_662,LinkedIn_Campaign_3,3001,81,264.43,15,3330.71,12.595809855160155,17.628666666666668,0.026991002999000334,3.264567901234568,0.18518518518518517,88.11396201266244
2025-08-21,Meta Ads,meta_1685,Meta_Campaign_1,15216,252,468.46,22,3081.45,6.577829483840669,21.293636363636363,0.016561514195583597,1.858968253968254,0.0873015873015873,30.78732912723449
2025-08-21,Meta Ads,meta_1194,Meta_Campaign_2,11350,194,312.56,15,1909.49,6.109195034553366,20.837333333333333,0.01709251101321586,1.6111340206185567,0.07731958762886598,27.538325991189428
2025-08-21,Meta Ads,meta_6180,Meta_Campaign_3,10591,167,410.44,13,1734.8,4.2266835591072995,31.572307692307692,0.015768104994806912,2.4577245508982037,0.07784431137724551,38.753658766877535
2025-08-21,Meta Ads,meta_7210,Meta_Campaign_4,9972,161,176.12,16,954.68,5.420622302975244,11.0075,0.016145206578419575,1.093913043478261,0.09937888198757763,17.661452065784196
2025-08-22,Google Ads,goog_7875,Google_Campaign_1,10063,195,482.52,13,1932.35,4.004704468208572,37.11692307692307,0.01937791910960946,2.4744615384615383,0.06666666666666667,47.949915532147465
2025-08-22,Google Ads,goog_2934,Google_Campaign_2,10019,208,388.12,17,1852.4,4.772750695661136,22.83058823529412,0.020760554945603353,1.8659615384615384,0.08173076923076923,38.73839704561333
2025-08-22,Google Ads,goog_7082,Google_Campaign_3,10145,213,381.88,12,1105.39,2.8946003980307955,31.823333333333334,0.020995564317397734,1.7928638497652583,0.056338028169014086,37.64218827008378
2025-08-22,Google Ads,goog_6239,Google_Campaign_4,9963,167,492.65,14,2491.32,5.056977570283163,35.18928571428571,0.01676201947204657,2.9499999999999997,0.08383233532934131,49.44795744253739
2025-08-22,Google Ads,goog_3621,Google_Campaign_5,9939,212,371.9,11,2094.66,5.632320516267814,33.809090909090905,0.021330113693530536,1.7542452830188677,0.05188679245283019,37.418251333132105
2025-08-22,LinkedIn Ads,li_7412,LinkedIn_Campaign_1,2974,71,467.91,12,5240.08,11.198905772477612,38.9925,0.02387357094821789,6.590281690140846,0.16901408450704225,157.33355749831875
2025-08-22,LinkedIn Ads,li_8922,LinkedIn_Campaign_2,2998,79,480.08,6,2261.06,4.7097567072154645,80.01333333333334,0.026350900600400268,6.076962025316456,0.0759493670886076,160.133422281521
2025-08-22,LinkedIn Ads,li_662,LinkedIn_Campaign_3,3008,72,470.27,9,2895.04,6.156123078231654,52.25222222222222,0.023936170212765957,6.531527777777778,0.125,156.33976063829786
2025-08-22,Meta Ads,meta_1685,Meta_Campaign_1,10778,155,237.72,12,1587.08,6.676257782264849,19.81,0.014381146780478754,1.5336774193548388,0.07741935483870968,22.0560400816478
2025-08-22,Meta Ads,meta_1194,Meta_Campaign_2,10700,148,152.94,6,623.64,4.077677520596312,25.49,0.013831775700934579,1.0333783783783783,0.04054054054054054,14.293457943925233
2025-08-22,Meta Ads,meta_6180,Meta_Campaign_3,13157,206,479.88,15,2321.0,4.836625823122447,31.992,0.015657064680398267,2.329514563106796,0.07281553398058252,36.47336018849281
2025-08-22,Meta Ads,meta_7210,Meta_Campaign_4,11003,167,180.21,14,1053.87,5.848010654236723,12.872142857142858,0.015177678814868673,1.0791017964071856,0.08383233532934131,16.378260474416066
2025-08-23,Google Ads,goog_7875,Google_Campaign_1,9875,177,498.43,7,1042.98,2.0925305459141703,71.20428571428572,0.017924050632911394,2.8159887005649717,0.03954802259887006,50.47392405063291
2025-08-23,Google Ads,goog_2934,Google_Campaign_2,10102,218,357.44,15,2775.94,7.7661705461056405,23.829333333333334,0.021579885171253217,1.6396330275229358,0.06880733944954129,35.383092456939224
2025-08-23,Google Ads,goog_7082,Google_Campaign_3,10038,195,554.9,13,2170.76,3.9119841412867187,42.684615384615384,0.019426180514046622,2.8456410256410254,0.06666666666666667,55.279936242279334
2025-08-23,Google Ads,goog_6239,Google_Campaign_4,10041,183,440.96,3,195.66,0.4437137155297533,146.98666666666665,0.018225276366895728,2.4096174863387976,0.01639344262295082,43.91594462702918
2025-08-23,Google Ads,goog_3621,Google_Campaign_5,10048,192,487.27,11,920.04,1.888152359061711,44.29727272727273,0.01910828025477707,2.537864583333333,0.057291666666666664,48.494227707006374
2025-08-23,LinkedIn Ads,li_7412,LinkedIn_Campaign_1,2924,76,365.76,15,4825.59,13.193323490813649,24.384,0.025991792065663474,4.812631578947368,0.19736842105263158,125.08891928864568
2025-08-23,LinkedIn Ads,li_8922,LinkedIn_Campaign_2,3053,76,381.87,11,3398.59,8.89986120931207,34.71545454545455,0.024893547330494595,5.024605263157895,0.14473684210526316,125.08024893547332
2025-08-23,LinkedIn Ads,li_662,LinkedIn_Campaign_3,3074,91,416.3,11,3535.17,8.491880855152534,37.845454545454544,0.02960312296681848,4.5747252747252745,0.12087912087912088,135.42615484710473
2025-08-23,Meta Ads,meta_1685,Meta_Campaign_1,13584,182,343.0,12,1815.73,5.293673469387755,28.583333333333332,0.01339811542991755,1.8846153846153846,0.06593406593406594,25.25029446407538
2025-08-23,Meta Ads,meta_1194,Meta_Campaign_2,14033,201,249.25,20,1731.56,6.947081243731193,12.4625,0.014323380602864677,1.2400497512437811,0.09950248756218906,17.76170455355234
2025-08-23,Meta Ads,meta_6180,Meta_Campaign_3,15825,249,608.86,30,5060.12,8.310810366915218,20.295333333333335,0.015734597156398106,2.4452208835341365,0.12048192771084337,38.47456556082149
2025-08-23,Meta Ads,meta_7210,Meta_Campaign_4,12766,211,495.45,18,3219.96,6.499061459279443,27.525,0.016528278239072536,2.3481042654028434,0.08530805687203792,38.81012063293122
2025-08-24,Google Ads,goog_7875,Google_Campaign_1,9936,210,331.22,9,1676.16,5.060563975605338,36.80222222222223,0.021135265700483092,1.5772380952380953,0.04285714285714286,33.335346215781
2025-08-24,Google Ads,goog_2934,Google_Campaign_2,9920,192,357.71,11,1806.67,5.050655558972353,32.519090909090906,0.01935483870967742,1.8630729166666666,0.057291666666666664,36.05947580645161
2025-08-24,Google Ads,goog_7082,Google_Campaign_3,9920,197,482.71,10,635.43,1.3163804354581425,48.271,0.019858870967741936,2.4503045685279186,0.050761421319796954,48.66028225806451
2025-08-24,Google Ads,goog_6239,Google_Campaign_4,10111,209,498.74,12,629.86,1.262902514336127,41.56166666666667,0.020670556819305706,2.3863157894736844,0.05741626794258373,49.32647611512214
2025-08-24,Google Ads,goog_3621,Google_Campaign_5,10003,176,446.41,8,1524.08,3.414081225778992,55.80125,0.01759472158352494,2.5364204545454547,0.045454545454545456,44.627611716485056
2025-08-24,LinkedIn Ads,li_7412,LinkedIn_Campaign_1,2916,68,441.7,7,2070.06,4.686574598143537,63.1,0.023319615912208505,6.495588235294117,0.10294117647058823,151.47462277091904
2025-08-24,LinkedIn Ads,li_8922,LinkedIn_Campaign_2,2951,82,523.69,10,4572.28,8.730890412266797,52.36900000000001,0.027787190782785496,6.386463414634147,0.12195121951219512,177.46187732971876
2025-08-24,LinkedIn Ads,li_662,LinkedIn_Campaign_3,3050,83,598.3,10,2776.34,4.64038107972589,59.83,0.02721311475409836,7.208433734939758,0.12048192771084337,196.16393442622947
2025-08-24,Meta Ads,meta_1685,Meta_Campaign_1,12158,173,294.5,11,548.01,1.8608149405772496,26.772727272727273,0.014229314031913144,1.7023121387283238,0.06358381502890173,24.22273400230301
2025-08-24,Meta Ads,meta_1194,Meta_Campaign_2,10975,148,226.83,15,654.52,2.885508971476436,15.122000000000002,0.013485193621867881,1.5326351351351353,0.10135135135135136,20.667881548974943
2025-08-24,Meta Ads,meta_6180,Meta_Campaign_3,15684,232,557.23,13,1346.21,2.4158964879852127,42.863846153846154,0.014792144861004846,2.4018534482758622,0.05603448275862069,35.528564141800565
2025-08-24,Meta Ads,meta_7210,Meta_Campaign_4,16009,226,564.57,17,786.49,1.3930779177072816,33.21,0.014117059154225748,2.4980973451327437,0.0752212389380531,35.26578799425324
2025-08-25,Google Ads,goog_7875,Google_Campaign_1,9824,179,485.48,10,1807.19,3.7224808437010792,48.548,0.01822068403908795,2.7121787709497207,0.055865921787709494,49.41775244299674
2025-08-25,Google Ads,goog_2934,Google_Campaign_2,10096,223,604.59,15,1465.51,2.423973271142427,40.306000000000004,0.02208795562599049,2.7111659192825113,0.06726457399103139,59.88411251980983
2025-08-25,Google Ads,goog_7082,Google_Campaign_3,9857,193,538.68,3,379.84,0.7051310611123487,179.55999999999997,0.01957999391295526,2.7910880829015543,0.015544041450777202,54.6494876737344
2025-08-25,Google Ads,goog_6239,Google_Campaign_4,9976,195,568.3,8,1022.55,1.7993137427415098,71.0375,0.01954691259021652,2.914358974358974,0.041025641025641026,56.966720128307934
2025-08-25,Google Ads,goog_3621,Google_Campaign_5,10060,228,428.11,11,1046.45,2.4443484151269534,38.91909090909091,0.022664015904572565,1.8776754385964913,0.04824561403508772,42.55566600397614
2025-08-25,LinkedIn Ads,li_7412,LinkedIn_Campaign_1,3021,71,520.7,3,764.61,1.4684271173420396,173.5666666666667,0.023502151605428664,7.333802816901409,0.04225352112676056,172.36014564713673
2025-08-25,LinkedIn Ads,li_8922,LinkedIn_Campaign_2,2922,67,369.54,10,3042.44,8.233046490231098,36.954,0.02292950034223135,5.5155223880597015,0.14925373134328357,126.4681724845996
2025-08-25,LinkedIn Ads,li_662,LinkedIn_Campaign_3,3103,66,394.45,9,3801.22,9.63676004563316,43.827777777777776,0.021269738962294553,5.976515151515152,0.13636363636363635,127.11891717692555
2025-08-25,Meta Ads,meta_1685,Meta_Campaign_1,14022,234,530.56,25,3901.36,7.353287092882993,21.222399999999997,0.01668806161745828,2.267350427350427,0.10683760683760683,37.83768363999429
2025-08-25,Meta Ads,meta_1194,Meta_Campaign_2,12327,171,203.9,15,1029.88,5.050907307503679,13.593333333333334,0.013871988318325626,1.1923976608187135,0.08771929824561403,16.540926421675998
2025-08-25,Meta Ads,meta_6180,Meta_Campaign_3,9726,136,279.0,10,569.05,2.039605734767025,27.9,0.013983137980670367,2.051470588235294,0.07352941176470588,28.685996298581124
2025-08-25,Meta Ads,meta_7210,Meta_Campaign_4,15046,209,437.42,14,1584.68,3.6227881669791047,31.244285714285716,0.013890735079090789,2.0929186602870815,0.06698564593301436,29.07217865213346
2025-08-26,Google Ads,goog_7875,Google_Campaign_1,10061,200,407.54,6,1076.79,2.6421700937331303,67.92333333333333,0.019878739687903785,2.0377,0.03,40.50690786204155
2025-08-26,Google Ads,goog_2934,Google_Campaign_2,10035,194,385.63,11,1601.97,4.154163317169307,35.057272727272725,0.019332336821126058,1.987783505154639,0.05670103092783505,38.42850024912805
2025-08-26,Google Ads,goog_7082,Google_Campaign_3,10141,188,496.54,10,1656.45,3.3359850163128852,49.654,0.018538605660191304,2.6411702127659575,0.05319148936170213,48.963613055911644
2025-08-26,Google Ads,goog_6239,Google_Campaign_4,9998,216,358.96,5,727.31,2.026158903498997,71.792,0.021604320864172834,1.6618518518518517,0.023148148148148147,35.90318063612722
2025-08-26,Google Ads,goog_3621,Google_Campaign_5,9945,222,469.66,13,1096.16,2.3339437039560536,36.12769230769231,0.022322775263951735,2.1155855855855856,0.05855855855855856,47.22574157868276
2025-08-26,LinkedIn Ads,li_7412,LinkedIn_Campaign_1,2921,72,326.67,8,2394.39,7.329690513362108,40.83375,0.024649092776446422,4.537083333333333,0.1111111111111111,111.83498801780213
2025-08-26,LinkedIn Ads,li_8922,LinkedIn_Campaign_2,3011,84,634.79,14,2866.6,4.515824130814916,45.34214285714285,0.027897708402524077,7.557023809523809,0.16666666666666666,210.82364662902688
2025-08-26,LinkedIn Ads,li_662,LinkedIn_Campaign_3,3066,73,424.95,9,3638.2,8.561477820920109,47.21666666666667,0.023809523809523808,5.821232876712329,0.1232876712328767,138.60078277886498
2025-08-26,Meta Ads,meta_1685,Meta_Campaign_1,13280,190,395.24,17,924.53,2.3391610160914884,23.249411764705883,0.01430722891566265,2.0802105263157897,0.08947368421052632,29.762048192771086
2025-08-26,Meta Ads,meta_1194,Meta_Campaign_2,15720,227,555.72,31,1344.89,2.4200856546462246,17.926451612903225,0.014440203562340968,2.448105726872247,0.13656387665198239,35.35114503816794
2025-08-26,Meta Ads,meta_6180,Meta_Campaign_3,10001,171,327.79,18,2946.68,8.989535983404007,18.21055555555556,0.0170982901709829,1.9169005847953218,0.10526315789473684,32.77572242775722
2025-08-26,Meta Ads,meta_7210,Meta_Campaign_4,15096,225,433.22,13,1412.0,3.2593139744240798,33.324615384615385,0.014904610492845787,1.9254222222222224,0.057777777777777775,28.697668256491788
2025-08-27,Google Ads,goog_7875,Google_Campaign_1,10098,187,403.96,6,745.66,1.8458758292900288,67.32666666666667,0.018518518518518517,2.1602139037433155,0.03208556149732621,40.003961180431766
2025-08-27,Google Ads,goog_2934,Google_Campaign_2,9927,197,457.05,7,1368.06,2.993239251723006,65.29285714285714,0.019844867532990834,2.32005076142132,0.03553299492385787,46.04110003022061
2025-08-27,Google Ads,goog_7082,Google_Campaign_3,10147,159,285.24,4,395.2,1.3854999298836066,71.31,0.015669656055977137,1.7939622641509434,0.025157232704402517,28.110771656647284
2025-08-27,Google Ads,goog_6239,Google_Campaign_4,9968,209,401.57,11,782.52,1.9486515426949225,36.50636363636364,0.02096709470304976,1.9213875598086123,0.05263157894736842,40.28591492776886
2025-08-27,Google Ads,goog_3621,Google_Campaign_5,10096,230,413.56,4,689.28,1.666698907050972,103.39,0.022781299524564185,1.7980869565217392,0.017391304347826087,40.96275752773376
2025-08-27,LinkedIn Ads,li_7412,LinkedIn_Campaign_1,3026,71,269.5,6,1387.24,5.147458256029685,44.916666666666664,0.023463317911434238,3.795774647887324,0.08450704225352113,89.06146728354263
2025-08-27,LinkedIn Ads,li_8922,LinkedIn_Campaign_2,2949,82,457.45,5,2066.64,4.517739643676904,91.49,0.02780603594438793,5.578658536585365,0.06097560975609756,155.12037978975923
2025-08-27,LinkedIn Ads,li_662,LinkedIn_Campaign_3,2900,86,298.84,10,3478.17,11.638903761210013,29.883999999999997,0.029655172413793104,3.474883720930232,0.11627906976744186,103.04827586206895
2025-08-27,Meta Ads,meta_1685,Meta_Campaign_1,10450,141,228.13,15,2011.57,8.817647832376277,15.208666666666666,0.013492822966507176,1.6179432624113474,0.10638297872340426,21.830622009569378
2025-08-27,Meta Ads,meta_1194,Meta_Campaign_2,15402,229,570.29,21,2148.48,3.7673464377772716,27.156666666666666,0.01486819893520322,2.4903493449781657,0.09170305676855896,37.0270094792884
2025-08-27,Meta Ads,meta_6180,Meta_Campaign_3,14279,213,438.16,18,2080.89,4.749155559612926,24.342222222222222,0.014917010995167729,2.0570892018779343,0.08450704225352113,30.685622242453956
2025-08-27,Meta Ads,meta_7210,Meta_Campaign_4,14540,212,307.28,13,1255.2,4.084873730799272,23.636923076923075,0.014580467675378267,1.4494339622641508,0.06132075471698113,21.133425034387894
2025-08-28,Google Ads,goog_7875,Google_Campaign_1,9964,191,331.2,7,410.99,1.2409118357487923,47.31428571428571,0.019169008430349257,1.7340314136125654,0.03664921465968586,33.239662786029704
2025-08-28,Google Ads,goog_2934,Google_Campaign_2,10127,190,561.42,12,982.21,1.7495101706387377,46.785,0.01876172607879925,2.9548421052631575,0.06315789473684211,55.437938185049866
2025-08-28,Google Ads,goog_7082,Google_Campaign_3,9897,196,420.99,8,1134.22,2.694173258272168,52.62375,0.019803981004344752,2.1479081632653063,0.04081632653061224,42.53713246438315
2025-08-28,Google Ads,goog_6239,Google_Campaign_4,9876,200,535.55,7,889.95,1.6617496032116519,76.50714285714285,0.02025111381125962,2.6777499999999996,0.035,54.227420008100445
2025-08-28,Google Ads,goog_3621,Google_Campaign_5,10026,221,353.06,17,3312.36,9.381861439981874,20.76823529411765,0.0220426890085777,1.5975565610859728,0.07692307692307693,35.214442449630965
2025-08-28,LinkedIn Ads,li_7412,LinkedIn_Campaign_1,3060,80,383.72,10,3181.34,8.290784947357448,38.372,0.026143790849673203,4.7965,0.125,125.39869281045752
2025-08-28,LinkedIn Ads,li_8922,LinkedIn_Campaign_2,2986,81,288.95,7,3410.69,11.803737670877315,41.278571428571425,0.02712659075686537,3.5672839506172838,0.08641975308641975,96.768251841929
2025-08-28,LinkedIn Ads,li_662,LinkedIn_Campaign_3,3023,71,375.84,12,3330.42,8.861270753512134,31.319999999999997,0.023486602712537216,5.293521126760563,0.16901408450704225,124.3268276546477
2025-08-28,Meta Ads,meta_1685,Meta_Campaign_1,10290,156,357.04,14,1620.68,4.539211292852341,25.502857142857145,0.015160349854227406,2.2887179487179488,0.08974358974358974,34.6977648202138
2025-08-28,Meta Ads,meta_1194,Meta_Campaign_2,11190,149,198.4,11,926.79,4.671320564516129,18.036363636363635,0.013315460232350312,1.3315436241610739,0.0738255033557047,17.73011617515639
2025-08-28,Meta Ads,meta_6180,Meta_Campaign_3,14736,256,622.52,20,2675.23,4.297420163207608,31.125999999999998,0.01737242128121607,2.43171875,0.078125,42.24484256243214
2025-08-28,Meta Ads,meta_7210,Meta_Campaign_4,11290,179,324.85,14,1807.29,5.563460058488532,23.20357142857143,0.015854738706820196,1.814804469273743,0.0782122905027933,28.773250664304694
