date,platform,campaign_id,campaign_name,impressions,clicks,spend,conversions,revenue,roas,cpa,ctr,cpc,cvr,cpm,spend_anomaly_score,spend_anomaly,roas_anomaly_score,roas_anomaly,ctr_anomaly_score,ctr_anomaly
2025-07-30,Google Ads,goog_7875,Google_Campaign_1,9899,211,623.22,14,2648.28,4.249350149224993,44.51571428571429,0.0213152843721588,2.953649289099526,0.0663507109004739,62.95787453278109,0.0,False,0.0,False,0.0,False
2025-07-30,Google Ads,goog_2934,Google_Campaign_2,9970,185,503.89,7,585.01,1.1609875171168311,71.98428571428572,0.018555667001003,2.7237297297297296,0.0378378378378378,50.54062186559679,0.0,False,0.0,False,0.0,False
2025-07-30,Google Ads,goog_7082,Google_Campaign_3,10010,222,625.19,9,624.85,0.9994561653257408,69.46555555555557,0.0221778221778221,2.816171171171171,0.0405405405405405,62.45654345654346,0.0,False,0.0,False,0.0,False
2025-07-30,Google Ads,goog_6239,Google_Campaign_4,10142,195,401.51,8,1268.1,3.1583273143881843,50.18875,0.0192269769276276,2.059025641025641,0.041025641025641,39.58883849339381,0.0,False,0.0,False,0.0,False
2025-07-30,Google Ads,goog_3621,Google_Campaign_5,9999,191,308.31,13,1615.54,5.239985728649735,23.716153846153848,0.0191019101910191,1.6141884816753926,0.0680628272251308,30.834083408340835,0.0,False,0.0,False,0.0,False
2025-07-30,LinkedIn Ads,li_7412,LinkedIn_Campaign_1,3024,64,366.0,9,3707.42,10.129562841530054,40.66666666666666,0.0211640211640211,5.71875,0.140625,121.03174603174604,0.0,False,0.0,False,0.0,False
2025-07-30,LinkedIn Ads,li_8922,LinkedIn_Campaign_2,2975,74,527.06,5,1083.31,2.0553826888779265,105.412,0.0248739495798319,7.122432432432432,0.0675675675675675,177.16302521008402,0.0,False,0.0,False,0.0,False
2025-07-30,LinkedIn Ads,li_662,LinkedIn_Campaign_3,2988,74,579.09,7,1711.58,2.9556372929941803,82.72714285714287,0.0247657295850066,7.825540540540541,0.0945945945945946,193.80522088353413,0.0,False,0.0,False,0.0,False
2025-07-30,Meta Ads,meta_1685,Meta_Campaign_1,15422,238,327.69,19,807.47,2.464127681650341,17.24684210526316,0.0154324990273635,1.3768487394957982,0.0798319327731092,21.24821683309558,0.0,False,0.0,False,0.0,False
2025-07-30,Meta Ads,meta_1194,Meta_Campaign_2,13527,182,315.01,18,2876.86,9.13259896511222,17.500555555555554,0.0134545723368078,1.7308241758241758,0.0989010989010989,23.28749907592223,0.0,False,0.0,False,0.0,False
2025-07-30,Meta Ads,meta_6180,Meta_Campaign_3,12672,194,460.72,12,1433.99,3.112497829484285,38.39333333333334,0.0153093434343434,2.374845360824742,0.0618556701030927,36.35732323232323,0.0,False,0.0,False,0.0,False
2025-07-30,Meta Ads,meta_7210,Meta_Campaign_4,10162,143,281.34,13,653.33,2.322208004549656,21.64153846153846,0.0140720330643574,1.9674125874125872,0.0909090909090909,27.68549498130289,0.0,False,0.0,False,0.0,False
2025-07-31,Google Ads,goog_7875,Google_Campaign_1,10083,199,369.77,6,619.16,1.6744462774156907,61.62833333333333,0.0197361896261033,1.858140703517588,0.0301507537688442,36.67261727660418,0.0,False,0.0,False,0.0,False
2025-07-31,Google Ads,goog_2934,Google_Campaign_2,9937,207,316.05,18,2054.99,6.502104097452934,17.558333333333334,0.0208312367917882,1.5268115942028986,0.0869565217391304,31.80537385528832,0.0,False,0.0,False,0.0,False
2025-07-31,Google Ads,goog_7082,Google_Campaign_3,9967,183,490.35,5,563.19,1.1485469562557358,98.07,0.0183605899468245,2.6795081967213115,0.0273224043715847,49.19735125915521,0.0,False,0.0,False,0.0,False
2025-07-31,Google Ads,goog_6239,Google_Campaign_4,10135,205,358.86,18,1525.51,4.250989243716212,19.936666666666667,0.0202269363591514,1.7505365853658537,0.0878048780487804,35.40799210656142,0.0,False,0.0,False,0.0,False
2025-07-31,Google Ads,goog_3621,Google_Campaign_5,10209,216,398.74,8,664.58,1.6667001053317951,49.8425,0.0211578019394651,1.8460185185185185,0.037037037037037,39.05769419139975,0.0,False,0.0,False,0.0,False
2025-07-31,LinkedIn Ads,li_7412,LinkedIn_Campaign_1,3070,59,241.59,8,3647.4,15.097479200298023,30.19875,0.0192182410423452,4.094745762711865,0.135593220338983,78.69381107491857,0.0,False,0.0,False,0.0,False
2025-07-31,LinkedIn Ads,li_8922,LinkedIn_Campaign_2,2911,75,362.11,9,3812.23,10.52782303719864,40.23444444444445,0.0257643421504637,4.828133333333334,0.12,124.39367914805908,0.0,False,0.0,False,0.0,False
2025-07-31,LinkedIn Ads,li_662,LinkedIn_Campaign_3,3069,72,267.9,11,2438.75,9.10321015304218,24.35454545454545,0.0234604105571847,3.720833333333333,0.1527777777777778,87.29227761485825,0.0,False,0.0,False,0.0,False
2025-07-31,Meta Ads,meta_1685,Meta_Campaign_1,15800,228,424.94,16,1322.86,3.113051254294724,26.55875,0.0144303797468354,1.8637719298245612,0.0701754385964912,26.89493670886076,0.0,False,0.0,False,0.0,False
2025-07-31,Meta Ads,meta_1194,Meta_Campaign_2,14163,217,278.81,21,1422.7,5.102758150711955,13.276666666666667,0.0153216126526865,1.2848387096774194,0.0967741935483871,19.685801030855043,0.0,False,0.0,False,0.0,False
2025-07-31,Meta Ads,meta_6180,Meta_Campaign_3,15206,258,505.56,21,2944.39,5.824016931719282,24.074285714285715,0.01696698671577,1.9595348837209303,0.0813953488372093,33.247402341181115,0.0,False,0.0,False,0.0,False
2025-07-31,Meta Ads,meta_7210,Meta_Campaign_4,12851,175,184.22,13,1807.71,9.812778199978288,14.170769230769231,0.0136176173060462,1.0526857142857142,0.0742857142857142,14.335071200684771,0.0,False,0.0,False,0.0,False
2025-08-01,Google Ads,goog_7875,Google_Campaign_1,10179,203,314.84,12,1135.23,3.605736246982594,26.236666666666665,0.0199430199430199,1.5509359605911328,0.0591133004926108,30.930346792415754,0.0,False,0.0,False,0.0,False
2025-08-01,Google Ads,goog_2934,Google_Campaign_2,10178,194,301.77,10,845.01,2.800178944229049,30.177,0.0190607191982707,1.5555154639175257,0.0515463917525773,29.64924346629986,0.0,False,0.0,False,0.0,False
2025-08-01,Google Ads,goog_7082,Google_Campaign_3,9864,183,473.45,5,486.47,1.027500264019432,94.69,0.0185523114355231,2.587158469945355,0.0273224043715847,47.99776966747769,0.0,False,0.0,False,0.0,False
2025-08-01,Google Ads,goog_6239,Google_Campaign_4,10011,197,557.31,11,934.38,1.67658933089304,50.66454545454545,0.0196783538108081,2.828984771573604,0.0558375634517766,55.66976326041354,0.0,False,0.0,False,0.0,False
2025-08-01,Google Ads,goog_3621,Google_Campaign_5,10008,194,407.96,9,1297.13,3.179551916854594,45.32888888888888,0.0193844924060751,2.102886597938144,0.0463917525773195,40.76338928856914,0.0,False,0.0,False,0.0,False
2025-08-01,LinkedIn Ads,li_7412,LinkedIn_Campaign_1,2900,71,218.31,9,3180.53,14.568869955567772,24.256666666666668,0.0244827586206896,3.0747887323943663,0.1267605633802817,75.27931034482758,0.0,False,0.0,False,0.0,False
2025-08-01,LinkedIn Ads,li_8922,LinkedIn_Campaign_2,3082,82,536.49,8,2827.74,5.270815858636694,67.06125,0.026606099935107,6.5425609756097565,0.0975609756097561,174.07203114860482,0.0,False,0.0,False,0.0,False
2025-08-01,LinkedIn Ads,li_662,LinkedIn_Campaign_3,2998,86,314.64,7,2183.12,6.938469361810323,44.94857142857143,0.028685790527018,3.6586046511627903,0.0813953488372093,104.9499666444296,0.0,False,0.0,False,0.0,False
2025-08-01,Meta Ads,meta_1685,Meta_Campaign_1,13512,193,312.02,16,2312.15,7.41026216268188,19.50125,0.0142835997631734,1.616683937823834,0.082901554404145,23.09206631142688,0.0,False,0.0,False,0.0,False
2025-08-01,Meta Ads,meta_1194,Meta_Campaign_2,11547,169,181.23,12,1106.45,6.105225404182531,15.1025,0.0146358361479172,1.0723668639053254,0.0710059171597633,15.694985710574176,0.0,False,0.0,False,0.0,False
2025-08-01,Meta Ads,meta_6180,Meta_Campaign_3,15414,224,532.67,11,1313.79,2.466423864681698,48.42454545454545,0.0145322434150772,2.3779910714285712,0.0491071428571428,34.55754508888024,0.0,False,0.0,False,0.0,False
2025-08-01,Meta Ads,meta_7210,Meta_Campaign_4,12338,203,384.04,16,1621.13,4.221252994479742,24.0025,0.0164532339114929,1.8918226600985224,0.0788177339901477,31.126600745663804,0.0,False,0.0,False,0.0,False
2025-08-02,Google Ads,goog_7875,Google_Campaign_1,10027,205,410.28,12,791.88,1.930096519450132,34.19,0.020444799042585,2.0013658536585366,0.0585365853658536,40.9175226887404,0.0,False,0.0,False,0.0,False
2025-08-02,Google Ads,goog_2934,Google_Campaign_2,9821,199,428.3,8,1382.92,3.228858276908709,53.5375,0.0202627023724671,2.1522613065326635,0.0402010050251256,43.61063028204868,0.0,False,0.0,False,0.0,False
2025-08-02,Google Ads,goog_7082,Google_Campaign_3,10095,197,402.17,6,1125.58,2.7987666907029363,67.02833333333334,0.0195146111936602,2.041472081218274,0.0304568527918781,39.83853392768698,0.0,False,0.0,False,0.0,False
2025-08-02,Google Ads,goog_6239,Google_Campaign_4,9875,211,488.01,14,2237.67,4.585295383291326,34.85785714285714,0.0213670886075949,2.3128436018957346,0.0663507109004739,49.41873417721519,0.0,False,0.0,False,0.0,False
2025-08-02,Google Ads,goog_3621,Google_Campaign_5,10098,199,364.53,17,3257.35,8.935752887279511,21.442941176470587,0.0197068726480491,1.8318090452261304,0.0854271356783919,36.0992275698158,0.0,False,0.0,False,0.0,False
2025-08-02,LinkedIn Ads,li_7412,LinkedIn_Campaign_1,2914,76,251.91,9,1813.19,7.19776904450002,27.99,0.0260809883321894,3.314605263157895,0.1184210526315789,86.44818119423472,0.0,False,0.0,False,0.0,False
2025-08-02,LinkedIn Ads,li_8922,LinkedIn_Campaign_2,2974,74,568.93,9,3016.82,5.302620709050324,63.21444444444444,0.0248823133826496,7.688243243243242,0.1216216216216216,191.3012777404169,0.0,False,0.0,False,0.0,False
2025-08-02,LinkedIn Ads,li_662,LinkedIn_Campaign_3,2988,66,448.19,8,2804.39,6.2571454070818175,56.02375,0.0220883534136546,6.790757575757576,0.1212121212121212,149.99665327978582,0.0,False,0.0,False,0.0,False
2025-08-02,Meta Ads,meta_1685,Meta_Campaign_1,13182,177,356.25,11,1732.29,4.862568421052631,32.38636363636363,0.0134274010013654,2.01271186440678,0.0621468926553672,27.02548930359581,0.0,False,0.0,False,0.0,False
2025-08-02,Meta Ads,meta_1194,Meta_Campaign_2,12382,161,191.64,10,1432.67,7.475840116885829,19.164,0.0130027459214989,1.190310559006211,0.062111801242236,15.477305766435146,0.0,False,0.0,False,0.0,False
2025-08-02,Meta Ads,meta_6180,Meta_Campaign_3,11639,176,224.61,13,1752.71,7.803348025466364,17.27769230769231,0.0151215740183864,1.276193181818182,0.0738636363636363,19.298049660623764,0.0,False,0.0,False,0.0,False
2025-08-02,Meta Ads,meta_7210,Meta_Campaign_4,14518,205,309.27,16,993.85,3.2135350987810005,19.329375,0.0141204022592643,1.5086341463414634,0.0780487804878048,21.30252100840336,0.0,False,0.0,False,0.0,False
2025-08-03,Google Ads,goog_7875,Google_Campaign_1,10015,210,318.46,7,1295.02,4.066507567669409,45.49428571428571,0.0209685471792311,1.5164761904761903,0.0333333333333333,31.798302546180725,0.0,False,0.0,False,0.0,False
2025-08-03,Google Ads,goog_2934,Google_Campaign_2,10132,210,370.24,15,1692.23,4.570629861711322,24.682666666666663,0.020726411369917,1.7630476190476192,0.0714285714285714,36.54165021713384,0.0,False,0.0,False,0.0,False
2025-08-03,Google Ads,goog_7082,Google_Campaign_3,9966,197,513.59,6,842.84,1.6410755661130474,85.59833333333334,0.0197672085089303,2.607055837563452,0.0304568527918781,51.53421633554084,0.0,False,0.0,False,0.0,False
2025-08-03,Google Ads,goog_6239,Google_Campaign_4,9922,201,518.29,8,1079.69,2.083177371741689,64.78625,0.0202580124974803,2.578557213930348,0.0398009950248756,52.2364442652691,0.0,False,0.0,False,0.0,False
2025-08-03,Google Ads,goog_3621,Google_Campaign_5,9993,170,309.81,4,357.36,1.1534811658758597,77.4525,0.017011908335835,1.8224117647058824,0.0235294117647058,31.002701891323927,0.0,False,0.0,False,0.0,False
2025-08-03,LinkedIn Ads,li_7412,LinkedIn_Campaign_1,3118,93,504.04,8,2402.58,4.766645504325053,63.005,0.0298268120590121,5.419784946236559,0.086021505376344,161.6549069916613,0.0,False,0.0,False,0.0,False
2025-08-03,LinkedIn Ads,li_8922,LinkedIn_Campaign_2,3035,91,516.76,14,6994.82,13.535916092576825,36.91142857142857,0.02998352553542,5.678681318681319,0.1538461538461538,170.2668863261944,0.0,False,0.0,False,0.0,False
2025-08-03,LinkedIn Ads,li_662,LinkedIn_Campaign_3,2986,72,485.76,6,2372.82,4.884757905138341,80.96,0.0241125251172136,6.746666666666666,0.0833333333333333,162.6791694574682,0.0,False,0.0,False,0.0,False
2025-08-03,Meta Ads,meta_1685,Meta_Campaign_1,15543,220,321.39,13,2245.91,6.988114129251065,24.72230769230769,0.0141542816702052,1.4608636363636365,0.059090909090909,20.677475390851185,0.0,False,0.0,False,0.0,False
2025-08-03,Meta Ads,meta_1194,Meta_Campaign_2,11631,190,204.09,12,1562.78,7.6573080503699344,17.0075,0.0163356547158455,1.0741578947368422,0.0631578947368421,17.54707247872066,0.0,False,0.0,False,0.0,False
2025-08-03,Meta Ads,meta_6180,Meta_Campaign_3,10315,163,399.14,16,2764.41,6.92591571879541,24.94625,0.0158022297624818,2.4487116564417177,0.0981595092024539,38.69510421715948,0.0,False,0.0,False,0.0,False
2025-08-03,Meta Ads,meta_7210,Meta_Campaign_4,14926,233,387.47,22,2417.06,6.238057139907605,17.612272727272728,0.0156103443655366,1.6629613733905582,0.0944206008583691,25.959399705212384,0.0,False,0.0,False,0.0,False
2025-08-04,Google Ads,goog_7875,Google_Campaign_1,9978,207,391.05,9,1246.9,3.1885948088479736,43.45,0.0207456404088995,1.8891304347826088,0.0434782608695652,39.19122068550812,0.0,False,0.0,False,0.0,False
2025-08-04,Google Ads,goog_2934,Google_Campaign_2,9930,201,432.99,8,1538.14,3.552368414974942,54.12375,0.0202416918429003,2.154179104477612,0.0398009950248756,43.60422960725076,0.0,False,0.0,False,0.0,False
2025-08-04,Google Ads,goog_7082,Google_Campaign_3,10081,218,619.52,14,1592.95,2.571264850206612,44.25142857142857,0.021624838805674,2.841834862385321,0.0642201834862385,61.45422081142743,0.0,False,0.0,False,0.0,False
2025-08-04,Google Ads,goog_6239,Google_Campaign_4,10012,207,569.75,18,2319.36,4.070838086880211,31.65277777777778,0.0206751897722732,2.752415458937198,0.0869565217391304,56.90671194566521,0.0,False,0.0,False,0.0,False
2025-08-04,Google Ads,goog_3621,Google_Campaign_5,9893,174,291.73,9,819.97,2.8107153875158537,32.41444444444445,0.0175881936722935,1.676609195402299,0.0517241379310344,29.48852724148388,0.0,False,0.0,False,0.0,False
2025-08-04,LinkedIn Ads,li_7412,LinkedIn_Campaign_1,3009,78,260.25,6,1547.97,5.948011527377521,43.375,0.0259222333000997,3.3365384615384617,0.0769230769230769,86.49052841475573,0.0,False,0.0,False,0.0,False
2025-08-04,LinkedIn Ads,li_8922,LinkedIn_Campaign_2,3022,70,516.07,11,3344.89,6.4814656926385945,46.91545454545455,0.0231634679020516,7.372428571428572,0.1571428571428571,170.771012574454,0.0,False,0.0,False,0.0,False
2025-08-04,LinkedIn Ads,li_662,LinkedIn_Campaign_3,2997,72,559.05,6,2557.63,4.574957517216707,93.175,0.024024024024024,7.764583333333332,0.0833333333333333,186.5365365365365,0.0,False,0.0,False,0.0,False
2025-08-04,Meta Ads,meta_1685,Meta_Campaign_1,10204,168,287.1,14,2291.95,7.983106931382792,20.50714285714286,0.0164641317130537,1.7089285714285716,0.0833333333333333,28.13602508820071,0.0,False,0.0,False,0.0,False
2025-08-04,Meta Ads,meta_1194,Meta_Campaign_2,11785,196,433.56,16,2786.07,6.426030999169665,27.0975,0.0166313109885447,2.212040816326531,0.0816326530612244,36.78913873568095,0.0,False,0.0,False,0.0,False
2025-08-04,Meta Ads,meta_6180,Meta_Campaign_3,9475,145,222.02,9,860.69,3.8766327357895687,24.66888888888889,0.0153034300791556,1.5311724137931035,0.0620689655172413,23.43218997361478,0.0,False,0.0,False,0.0,False
2025-08-04,Meta Ads,meta_7210,Meta_Campaign_4,14265,213,443.36,22,3038.29,6.852873511367737,20.152727272727272,0.014931650893796,2.08150234741784,0.1032863849765258,31.08026638626008,0.0,False,0.0,False,0.0,False
2025-08-05,Google Ads,goog_7875,Google_Campaign_1,10217,198,418.39,4,293.69,0.7019527235354573,104.5975,0.0193794655965547,2.113080808080808,0.0202020202020202,40.95037682294216,0.6745,False,-1.5811752462609887,False,-1.3719712951131342,False
2025-08-05,Google Ads,goog_2934,Google_Campaign_2,10064,196,361.94,11,582.52,1.6094380284024976,32.903636363636366,0.0194753577106518,1.8466326530612245,0.0561224489795918,35.96383147853736,-0.09642352738546345,False,-0.8140722087046781,False,-0.8767649916713973,False
2025-08-05,Google Ads,goog_7082,Google_Campaign_3,9852,188,349.17,6,518.85,1.4859524014090555,58.195,0.0190824198132358,1.8572872340425528,0.0319148936170212,35.4415347137637,-1.0799037196643229,False,0.0,False,-0.3029337621996204,False
2025-08-05,Google Ads,goog_6239,Google_Campaign_4,10066,211,527.95,8,751.78,1.423960602329766,65.99375,0.0209616530896085,2.502132701421801,0.0379146919431279,52.44883767136897,0.1669828293182998,False,-1.0706242396519046,False,0.8187673027297627,False
2025-08-05,Google Ads,goog_3621,Google_Campaign_5,10148,200,307.96,7,962.19,3.12439927263281,43.99428571428571,0.0197083169097359,1.5397999999999998,0.035,30.34686637761135,-0.06901686946902745,False,0.0,False,0.6745,False
2025-08-05,LinkedIn Ads,li_7412,LinkedIn_Campaign_1,3020,79,317.54,7,2050.33,6.4569188133778415,45.362857142857145,0.0261589403973509,4.019493670886076,0.0886075949367088,105.14569536423842,0.9213663567000481,False,-0.20554425665095813,False,0.1109147242252031,False
2025-08-05,LinkedIn Ads,li_8922,LinkedIn_Campaign_2,2980,71,544.77,15,4601.03,8.445821172237824,36.318,0.0238255033557047,7.67281690140845,0.2112676056338028,182.80872483221475,1.0869331210191209,False,0.6745,False,-0.6745,False
2025-08-05,LinkedIn Ads,li_662,LinkedIn_Campaign_3,3064,79,391.67,3,1270.75,3.2444404728470397,130.55666666666667,0.0257832898172323,4.957848101265823,0.0379746835443038,127.82963446475196,-0.34388183294244995,False,-0.6745,False,1.7252343572759175,False
2025-08-05,Meta Ads,meta_1685,Meta_Campaign_1,15376,215,497.35,20,3271.2,6.577259475218658,24.8675,0.0139828303850156,2.3132558139534884,0.0930232558139534,32.34586368366285,4.0068511904761905,True,0.0,False,-0.6745,False
2025-08-05,Meta Ads,meta_1194,Meta_Campaign_2,15745,232,387.03,16,1850.15,4.780378782006563,24.189375,0.0147348364560177,1.6682327586206895,0.0689655172413793,24.581136868847253,0.8373797177928183,False,-0.9014968803280083,False,0.0,False
2025-08-05,Meta Ads,meta_6180,Meta_Campaign_3,11555,171,244.51,16,2673.55,10.93431761482148,15.281875,0.0147987884032886,1.4298830409356724,0.0935672514619883,21.160536564257896,-0.7810824159364937,False,1.7414457953202218,False,-0.6823998124908431,False
2025-08-05,Meta Ads,meta_7210,Meta_Campaign_4,11119,181,265.67,10,1143.29,4.303421537998268,26.567,0.0162784423059627,1.467790055248619,0.0552486187845303,23.893335731630543,-0.3933155008693321,False,0.0,False,1.0567612448193466,False
2025-08-06,Google Ads,goog_7875,Google_Campaign_1,9999,226,535.82,12,623.57,1.1637676831771864,44.65166666666667,0.0226022602260226,2.3708849557522127,0.0530973451327433,53.58735873587359,3.57159345281639,True,-0.4208699354143158,False,2.7784491560147697,True
2025-08-06,Google Ads,goog_2934,Google_Campaign_2,10048,242,513.51,8,1596.25,3.108508110844969,64.18875,0.0240843949044586,2.1219421487603305,0.0330578512396694,51.10569267515923,1.6644094901825695,False,-0.18936342580959806,False,4.533993941662126,True
2025-08-06,Google Ads,goog_7082,Google_Campaign_3,10001,183,332.12,13,1050.02,3.161568107912802,25.54769230769231,0.0182981701829817,1.8148633879781424,0.0710382513661202,33.20867913208679,-1.3373609006734009,False,1.6714692001854063,False,-0.7724665709761962,False
2025-08-06,Google Ads,goog_6239,Google_Campaign_4,9901,203,324.51,12,1415.92,4.363255369634218,27.0425,0.0205029794970205,1.5985714285714283,0.0591133004926108,32.775477224522774,-3.3496824705279353,True,0.3833854794042268,False,0.0,False
2025-08-06,Google Ads,goog_3621,Google_Campaign_5,10007,202,350.04,7,1254.87,3.5849331504970854,50.00571428571429,0.0201858698910762,1.732871287128713,0.0346534653465346,34.97951433996203,0.0,False,0.6745,False,0.6745,False
2025-08-06,LinkedIn Ads,li_7412,LinkedIn_Campaign_1,2963,84,340.21,10,2251.65,6.618412157197026,34.021,0.0283496456294296,4.050119047619047,0.119047619047619,114.81943975700302,1.2859566046733426,False,0.0,False,0.9574401827084951,False
2025-08-06,LinkedIn Ads,li_8922,LinkedIn_Campaign_2,3064,79,258.27,8,3020.5,11.6951252565145,32.28375,0.0257832898172323,3.2692405063291137,0.1012658227848101,84.29177545691905,-6.224616387004644,True,0.6972687967289471,False,0.014489551476981544,False
2025-08-06,LinkedIn Ads,li_662,LinkedIn_Campaign_3,3019,60,424.49,12,4891.66,11.523616575184338,35.37416666666667,0.0198741305067903,7.074833333333333,0.2,140.6061609804571,0.0,False,2.111675410509579,False,-1.5910632652440313,False
2025-08-06,Meta Ads,meta_1685,Meta_Campaign_1,13818,224,355.96,15,622.99,1.7501685582649738,23.730666666666664,0.0162107396149949,1.5891071428571428,0.0669642857142857,25.760602113185698,0.0,False,-2.3159502897767696,False,4.321769184134234,True
2025-08-06,Meta Ads,meta_1194,Meta_Campaign_2,13103,206,337.43,16,2587.41,7.667990398008476,21.089375,0.0157215904754636,1.638009708737864,0.0776699029126213,25.752117835610164,0.45358712859928874,False,0.6803518458336993,False,0.3934008231353901,False
2025-08-06,Meta Ads,meta_6180,Meta_Campaign_3,15755,235,243.92,20,1001.36,4.105280419809774,12.196,0.0149158997143763,1.0379574468085109,0.0851063829787234,15.482069184385908,-0.017694753223655074,False,-0.595305117349738,False,-0.42978159981751574,False
2025-08-06,Meta Ads,meta_7210,Meta_Campaign_4,11922,168,236.76,11,1948.09,8.22812130427437,21.523636363636363,0.0140915953699043,1.4092857142857145,0.0654761904761904,19.859084046300957,-0.6541125451384241,False,0.6745,False,-0.6745,False
2025-08-07,Google Ads,goog_7875,Google_Campaign_1,10175,194,467.55,9,1444.2,3.088867500802053,51.95,0.019066339066339,2.4100515463917525,0.0463917525773195,45.95085995085995,0.6745,False,0.0,False,-1.775225893750882,False
2025-08-07,Google Ads,goog_2934,Google_Campaign_2,10193,219,652.02,14,961.79,1.475092788564768,46.57285714285714,0.0214853330717158,2.977260273972602,0.0639269406392694,63.967428627489454,2.2739472573839654,False,-2.4821742891325993,False,1.0473995019435378,False
2025-08-07,Google Ads,goog_7082,Google_Campaign_3,10173,209,438.59,6,601.68,1.3718507033904102,73.09833333333333,0.0205445787869851,2.098516746411484,0.0287081339712918,43.11314263245847,0.0,False,-0.29595743063124896,False,0.7219300803343515,False
2025-08-07,Google Ads,goog_6239,Google_Campaign_4,10096,204,470.44,15,1529.28,3.250743984355072,31.362666666666662,0.0202060221870047,2.306078431372549,0.0735294117647058,46.59667194928684,-0.8271354433623781,False,0.0,False,-0.6745,False
2025-08-07,Google Ads,goog_3621,Google_Campaign_5,9956,212,461.88,7,535.21,1.158764181172599,65.98285714285714,0.0212936922458818,2.178679245283019,0.0330188679245283,46.3921253515468,1.792682509505701,False,-2.878878043323117,True,2.2344801234640945,False
2025-08-07,LinkedIn Ads,li_7412,LinkedIn_Campaign_1,3019,87,366.68,13,6170.4,16.82775171811934,28.20615384615385,0.0288174892348459,4.214712643678161,0.1494252873563218,121.45743623716464,0.5785465177168786,False,10.27176769761703,True,1.0698071151102375,False
2025-08-07,LinkedIn Ads,li_8922,LinkedIn_Campaign_2,2973,63,392.34,7,1736.85,4.426900137635724,56.04857142857143,0.0211907164480322,6.227619047619047,0.1111111111111111,131.9677093844601,-2.996118886112104,True,-0.7054753995606587,False,-1.4486364018789823,False
2025-08-07,LinkedIn Ads,li_662,LinkedIn_Campaign_3,2994,90,649.86,11,5341.46,8.219401101775768,59.07818181818182,0.0300601202404809,7.220666666666667,0.1222222222222222,217.0541082164329,2.4066952406227893,False,0.7867976425494302,False,1.9818738220627772,False
2025-08-07,Meta Ads,meta_1685,Meta_Campaign_1,13250,202,486.74,18,1706.24,3.505444385092657,27.04111111111111,0.0152452830188679,2.40960396039604,0.0891089108910891,36.73509433962265,2.0075355029585804,False,-1.473800922856375,False,0.7575990352943285,False
2025-08-07,Meta Ads,meta_1194,Meta_Campaign_2,15044,249,524.08,23,3863.92,7.372767516409708,22.78608695652174,0.0165514490826907,2.104738955823293,0.0923694779116465,34.83647965966499,0.9441684790760463,False,0.0,False,0.6152874674430687,False
2025-08-07,Meta Ads,meta_6180,Meta_Campaign_3,14843,213,474.53,30,2626.78,5.535540429477589,15.817666666666666,0.014350198746884,2.2278403755868545,0.1408450704225352,31.969952166004177,6.89855446865274,True,0.0,False,-0.994549817820368,False
2025-08-07,Meta Ads,meta_7210,Meta_Campaign_4,9677,131,302.1,14,1615.93,5.348990400529626,21.57857142857143,0.0135372532809755,2.306106870229008,0.1068702290076335,31.2183527952878,-0.06669652461729379,False,0.0,False,-1.119594078127482,False
2025-08-08,Google Ads,goog_7875,Google_Campaign_1,9923,184,486.44,13,1317.06,2.70754872132226,37.418461538461536,0.0185427794013907,2.643695652173913,0.0706521739130434,49.02146528267661,0.9336803295362079,False,0.0,False,-1.2042353995042654,False
2025-08-08,Google Ads,goog_2934,Google_Campaign_2,10104,215,450.63,13,942.34,2.09116126312052,34.66384615384615,0.0212787015043547,2.095953488372093,0.0604651162790697,44.59916864608076,0.18961243027888433,False,-0.6745,False,0.6745,False
2025-08-08,Google Ads,goog_7082,Google_Campaign_3,9916,188,477.69,10,877.7,1.8373840775398271,47.769,0.0189592577652279,2.5409042553191488,0.0531914893617021,48.17365873336023,0.35163933333333325,False,0.0,False,-0.6745,False
2025-08-08,Google Ads,goog_6239,Google_Campaign_4,9955,204,595.87,7,965.54,1.6203869971638107,85.12428571428572,0.020492214967353,2.92093137254902,0.034313725490196,59.85635359116022,1.0935780564263335,False,-0.9418527182779608,False,-0.029639401529002324,False
2025-08-08,Google Ads,goog_3621,Google_Campaign_5,10002,178,515.88,9,1390.48,2.6953555090331087,57.32,0.0177964407118576,2.898202247191011,0.0505617977528089,51.577684463107374,2.6582480988593127,True,-0.10050174738563541,False,-0.8120559783362493,False
2025-08-08,LinkedIn Ads,li_7412,LinkedIn_Campaign_1,3031,80,290.13,7,3026.14,10.43028987005825,41.44714285714286,0.0263939293962388,3.626625,0.0875,95.72088419663476,-0.37623209198209245,False,3.8351866077708303,True,0.0,False
2025-08-08,LinkedIn Ads,li_8922,LinkedIn_Campaign_2,2903,81,258.27,4,1493.3,5.781933635342859,64.5675,0.0279021701687909,3.188518518518518,0.0493827160493827,88.96658629004477,-3.28955921301552,True,-0.24019805862340046,False,1.1850357843356902,False
2025-08-08,LinkedIn Ads,li_662,LinkedIn_Campaign_3,3028,77,356.44,12,5446.51,15.280299629671193,29.703333333333333,0.0254293262879788,4.629090909090909,0.1558441558441558,117.71466314398944,-1.0949287862703472,False,3.101592488478305,True,0.5316023193877546,False
2025-08-08,Meta Ads,meta_1685,Meta_Campaign_1,12583,208,323.82,22,1474.03,4.552004199864122,14.719090909090909,0.0165302392116347,1.556826923076923,0.1057692307692307,25.734721449574824,-0.6270879375180791,False,-0.12216519511354904,False,0.7110833002944407,False
2025-08-08,Meta Ads,meta_1194,Meta_Campaign_2,14635,218,527.02,15,2512.23,4.766858942734621,35.13466666666667,0.0148957977451315,2.4175229357798163,0.0688073394495412,36.01093269559275,0.6889693907333087,False,-5.95375711877472,True,-0.6711952997272119,False
2025-08-08,Meta Ads,meta_6180,Meta_Campaign_3,9776,139,145.44,6,407.29,2.800398789878988,24.24,0.0142184942716857,1.0463309352517989,0.0431654676258992,14.877250409165304,-3.0330940639269435,True,-1.112089022751983,False,-1.2138402918767477,False
2025-08-08,Meta Ads,meta_7210,Meta_Campaign_4,13009,188,286.65,13,1045.77,3.648246991104134,22.05,0.0144515335536935,1.5247340425531914,0.0691489361702127,22.03474517641632,-0.2860561350535281,False,-0.762792946732535,False,0.0,False
2025-08-09,Google Ads,goog_7875,Google_Campaign_1,10093,204,555.26,11,1413.06,2.544861866512985,50.47818181818182,0.0202120281383136,2.721862745098039,0.0539215686274509,55.01436639254929,0.8665650358869189,False,-0.22811178890004094,False,0.0,False
2025-08-09,Google Ads,goog_2934,Google_Campaign_2,9959,194,418.79,9,1074.62,2.566011604861625,46.532222222222224,0.0194798674565719,2.1587113402061857,0.0463917525773195,42.051410784215285,-0.15263585657370507,False,0.0,False,-1.107879597537424,False
2025-08-09,Google Ads,goog_7082,Google_Campaign_3,9941,213,606.91,10,1315.33,2.167257089189501,60.691,0.0214264158535358,2.849342723004695,0.0469483568075117,61.05120209234483,0.6781737472766884,False,0.6331226280095208,False,1.3851529473294613,False
2025-08-09,Google Ads,goog_6239,Google_Campaign_4,10157,183,446.81,8,567.13,1.2692867214252144,55.85125,0.0180171310426306,2.441584699453552,0.0437158469945355,43.99035148173673,-0.9369075009716272,False,-0.6744999999999999,False,-7.128208802121784,True
2025-08-09,Google Ads,goog_3621,Google_Campaign_5,10092,200,536.58,7,677.31,1.262272168176227,76.65428571428572,0.0198176773682124,2.6829,0.035,53.16884661117718,2.1577984908249017,False,-1.0865996045237942,False,0.04652754938254592,False
2025-08-09,LinkedIn Ads,li_7412,LinkedIn_Campaign_1,3027,80,481.92,9,4299.8,8.92222775564409,53.54666666666667,0.026428807400066,6.024,0.1125,159.20713577799802,1.9086141174121416,False,0.8391573629120643,False,0.0,False
2025-08-09,LinkedIn Ads,li_8922,LinkedIn_Campaign_2,3022,78,567.95,7,2340.32,4.120644422924554,81.13571428571429,0.0258107213765718,7.281410256410257,0.0897435897435897,187.93845135671745,0.6745000000000001,False,-0.7750416834082939,False,0.008732247085533868,False
2025-08-09,LinkedIn Ads,li_662,LinkedIn_Campaign_3,3037,83,457.16,11,3170.62,6.935471169831131,41.56,0.027329601580507,5.507951807228916,0.1325301204819277,150.5301284162002,0.0,False,0.0,False,0.9120711733596812,False
2025-08-09,Meta Ads,meta_1685,Meta_Campaign_1,12320,176,248.58,14,1963.38,7.898382814385711,17.755714285714287,0.0142857142857142,1.4123863636363636,0.0795454545454545,20.17694805194805,-1.3820637254901968,False,0.6338509120324792,False,-0.5932431809598718,False
2025-08-09,Meta Ads,meta_1194,Meta_Campaign_2,15099,213,330.44,19,2793.69,8.454454666505265,17.39157894736842,0.0141068944963242,1.551361502347418,0.0892018779342723,21.884893039274125,-0.6745,False,0.7706452317550828,False,-1.3124072323220182,False
2025-08-09,Meta Ads,meta_6180,Meta_Campaign_3,12196,149,371.67,15,2497.98,6.720962143837275,24.778,0.0122171203673335,2.494429530201342,0.1006711409395973,30.474745818301084,0.8657456343999195,False,0.5590360780074608,False,-3.450636706253035,True
2025-08-09,Meta Ads,meta_7210,Meta_Campaign_4,10694,148,294.25,14,2518.26,8.558232795242143,21.017857142857142,0.0138395361885169,1.988175675675676,0.0945945945945946,27.5154292126426,0.0,False,0.8089164067789572,False,-0.6745,False
2025-08-10,Google Ads,goog_7875,Google_Campaign_1,9948,213,356.19,11,1026.24,2.8811589320306576,32.38090909090909,0.0214113389626055,1.6722535211267606,0.0516431924882629,35.80518697225573,-1.1002244031053168,False,0.3070923684444959,False,0.7060686627574116,False
2025-08-10,Google Ads,goog_2934,Google_Campaign_2,10023,206,325.01,9,631.46,1.9428940647980064,36.11222222222222,0.0205527287239349,1.5777184466019416,0.0436893203883495,32.42641923575776,-1.0250881069669247,False,-0.20760100003703225,False,0.0,False
2025-08-10,Google Ads,goog_7082,Google_Campaign_3,9948,191,504.31,10,1207.36,2.3940830045012,50.431,0.0191998391636509,2.640366492146597,0.0523560209424083,50.694611982308,0.13970736072206663,False,0.37869094270013604,False,0.0,False
2025-08-10,Google Ads,goog_6239,Google_Campaign_4,9975,171,504.03,5,798.15,1.5835366942443905,100.806,0.0171428571428571,2.9475438596491226,0.0292397660818713,50.52932330827068,0.0,False,-0.0707932492130954,False,-7.893776530187368,True
2025-08-10,Google Ads,goog_3621,Google_Campaign_5,10200,187,441.64,12,851.59,1.928244724209764,36.803333333333335,0.0183333333333333,2.361711229946524,0.0641711229946524,43.29803921568627,0.0,False,-0.6745,False,-0.6745,False
2025-08-10,LinkedIn Ads,li_7412,LinkedIn_Campaign_1,3026,60,299.27,11,2406.36,8.04076586360143,27.206363636363637,0.0198281559814937,4.987833333333333,0.1833333333333333,98.89953734302708,-0.44958464064210196,False,0.0,False,-9.388702184509127,True
2025-08-10,LinkedIn Ads,li_8922,LinkedIn_Campaign_2,3069,85,400.44,16,5146.04,12.850963939666366,25.0275,0.0276963180188986,4.711058823529411,0.188235294117647,130.4789833822092,0.0,False,2.0910632698766474,False,0.6590798063937514,False
2025-08-10,LinkedIn Ads,li_662,LinkedIn_Campaign_3,3037,71,387.62,9,3323.61,8.57440276559517,43.06888888888889,0.0233783338821205,5.45943661971831,0.1267605633802817,127.63253210405004,-0.6745,False,0.0724676172523265,False,-0.727996824034323,False
2025-08-10,Meta Ads,meta_1685,Meta_Campaign_1,11069,161,291.0,14,978.24,3.3616494845360827,20.785714285714285,0.0145451260276447,1.8074534161490683,0.0869565217391304,26.28963772698528,-0.6028619281045755,False,-0.3964410142559484,False,-0.4891528966444874,False
2025-08-10,Meta Ads,meta_1194,Meta_Campaign_2,11905,179,384.17,15,1433.44,3.731264804643777,25.61133333333333,0.0150356992860142,2.146201117318436,0.0837988826815642,32.26963460730786,-0.038892540322580084,False,-1.1044981310456108,False,0.0,False
2025-08-10,Meta Ads,meta_6180,Meta_Campaign_3,15978,247,407.39,20,2543.63,6.243722231768085,20.3695,0.0154587557892101,1.6493522267206475,0.0809716599190283,25.49693328326449,1.1089387301907743,False,0.33397327927520015,False,0.8821070931949178,False
2025-08-10,Meta Ads,meta_7210,Meta_Campaign_4,10178,170,280.53,20,1169.28,4.168110362528072,14.0265,0.0167026920809589,1.6501764705882351,0.1176470588235294,27.562389467478877,-0.2671805825242713,False,-0.5296313123618751,False,2.4810669343361567,False
2025-08-11,Google Ads,goog_7875,Google_Campaign_1,9869,195,459.45,8,1583.82,3.447208619000979,57.43125,0.0197588408146722,2.356153846153846,0.041025641025641,46.55486878103151,-0.11113608624898316,False,1.3083557061231335,False,0.0,False
2025-08-11,Google Ads,goog_2934,Google_Campaign_2,10030,200,373.79,7,545.9,1.460445704807512,53.39857142857143,0.0199401794616151,1.86895,0.035,37.267198404785645,-0.5339050131926119,False,-0.6956189205677658,False,-0.44302225098758957,False
2025-08-11,Google Ads,goog_7082,Google_Campaign_3,9936,220,503.09,10,1973.57,3.9228964996322726,50.309,0.0221417069243156,2.286772727272727,0.0454545454545454,50.63305152979066,0.4381662404092065,False,1.738104556716713,False,2.2006854478853657,False
2025-08-11,Google Ads,goog_6239,Google_Campaign_4,9858,225,613.26,9,680.7,1.1099696702866648,68.14,0.022824102251978,2.7256,0.04,62.20937309799148,1.2875853722474668,False,-1.0164550048928256,False,3.3505118117005117,True
2025-08-11,Google Ads,goog_3621,Google_Campaign_5,10049,209,401.27,13,1014.74,2.5288209933461263,30.86692307692308,0.0207980893621255,1.919952153110048,0.062200956937799,39.9313364513882,-0.3667775457974138,False,0.0,False,0.6745,False
2025-08-11,LinkedIn Ads,li_7412,LinkedIn_Campaign_1,3047,90,271.82,16,6195.44,22.79243617099551,16.98875,0.0295372497538562,3.0202222222222224,0.1777777777777777,89.20905808992453,-1.125068952936884,False,4.060852605764444,True,1.0915257389093818,False
2025-08-11,LinkedIn Ads,li_8922,LinkedIn_Campaign_2,2971,73,337.13,14,3006.28,8.917272268857712,24.080714285714286,0.0245708515651295,4.618219178082192,0.1917808219178082,113.47357791989228,-0.27775896919519644,False,0.09786519095238891,False,-0.4274843414911615,False
2025-08-11,LinkedIn Ads,li_662,LinkedIn_Campaign_3,2993,76,455.3,12,4923.52,10.813793103448276,37.94166666666667,0.0253925826929502,5.99078947368421,0.1578947368421052,152.12161710658202,0.6331914990859234,False,0.6745,False,-0.013042086556741172,False
2025-08-11,Meta Ads,meta_1685,Meta_Campaign_1,11418,169,343.87,9,487.66,1.418152208683514,38.20777777777778,0.0148011911017691,2.034733727810651,0.0532544378698224,30.11648274654055,0.0,False,-0.802083952544616,False,0.0,False
2025-08-11,Meta Ads,meta_1194,Meta_Campaign_2,13027,203,251.89,20,2196.75,8.721068720473223,12.5945,0.0155830198817839,1.2408374384236454,0.0985221674876847,19.33599447301758,-1.6605780755629997,False,0.6745,False,0.6745,False
2025-08-11,Meta Ads,meta_6180,Meta_Campaign_3,10123,160,369.11,8,1027.13,2.78272059819566,46.13875,0.0158055912278968,2.3069375,0.05,36.462511113306334,0.0,False,-1.2982093910539434,False,1.1702487897343326,False
2025-08-11,Meta Ads,meta_7210,Meta_Campaign_4,11038,157,283.62,5,591.13,2.084232423665468,56.724,0.0142235912302953,1.8064968152866243,0.0318471337579617,25.694872259467296,0.0,False,-1.4316063831449282,False,0.0,False
2025-08-12,Google Ads,goog_7875,Google_Campaign_1,10097,203,417.31,10,1427.38,3.42043085476025,41.731,0.020104981677726,2.0557142857142856,0.0492610837438423,41.33009804892542,-0.6745,False,1.0816000172977882,False,0.0,False
2025-08-12,Google Ads,goog_2934,Google_Campaign_2,9962,194,364.46,11,2027.09,5.561899796959886,33.13272727272727,0.0194740012045773,1.878659793814433,0.056701030927835,36.58502308773338,-0.6745,False,3.7999236087559267,True,-0.7801826289337018,False
2025-08-12,Google Ads,goog_7082,Google_Campaign_3,10003,193,443.69,7,632.71,1.4260181658365076,63.38428571428572,0.019294211736479,2.2989119170984456,0.0362694300518134,44.3556932920124,-0.6745,False,-0.6745,False,0.0,False
2025-08-12,Google Ads,goog_6239,Google_Campaign_4,9965,207,412.19,7,1285.05,3.117615662679832,58.88428571428572,0.0207727044656297,1.991256038647343,0.0338164251207729,41.36377320622177,-0.6745,False,1.9785392887605247,False,0.6610584877696304,False
2025-08-12,Google Ads,goog_3621,Google_Campaign_5,10027,189,449.87,11,1262.24,2.8057883388534464,40.89727272727273,0.018849107409993,2.3802645502645503,0.0582010582010582,44.86586217213524,0.0,False,0.31105870169217537,False,-0.6663529627085445,False
2025-08-12,LinkedIn Ads,li_7412,LinkedIn_Campaign_1,3035,77,313.98,8,3926.91,12.506879419071277,39.2475,0.0253706754530477,4.077662337662338,0.1038961038961039,103.45304777594728,0.0,False,0.586166804361251,False,-0.3715617418236758,False
2025-08-12,LinkedIn Ads,li_8922,LinkedIn_Campaign_2,3043,65,412.55,3,1346.22,3.2631681008362623,137.51666666666668,0.0213604995070653,6.346923076923077,0.0461538461538461,135.57344725599737,0.24690536134758248,False,-0.6745,False,-1.559397849759464,False
2025-08-12,LinkedIn Ads,li_662,LinkedIn_Campaign_3,2920,71,224.52,7,2741.37,12.20991448423303,32.074285714285715,0.0243150684931506,3.1622535211267606,0.0985915492957746,76.89041095890411,-3.6582523732031453,True,0.42050903561641023,False,-0.37520714559553864,False
2025-08-12,Meta Ads,meta_1685,Meta_Campaign_1,15939,249,463.31,22,3249.61,7.013899980574561,21.059545454545454,0.0156220591003199,1.8606827309236948,0.0883534136546184,29.06769558943472,1.5237805939095894,False,1.3481945475369785,False,0.36296926278689257,False
2025-08-12,Meta Ads,meta_1194,Meta_Campaign_2,15066,232,330.63,18,2496.59,7.551008680398029,18.36833333333333,0.0153989114562591,1.4251293103448277,0.0775862068965517,21.945440063719637,-0.09813008130081316,False,0.0,False,0.0,False
2025-08-12,Meta Ads,meta_6180,Meta_Campaign_3,9981,147,270.0,17,2262.12,8.378222222222222,15.882352941176473,0.0147279831680192,1.836734693877551,0.1156462585034013,27.051397655545536,-0.6745,False,1.3405876247994788,False,0.0,False
2025-08-12,Meta Ads,meta_7210,Meta_Campaign_4,14829,209,407.06,18,2835.46,6.9657053014297645,22.614444444444445,0.0140940049902218,1.9476555023923443,0.0861244019138756,27.45026636995077,10.68638749999997,True,0.6411750265288422,False,0.0,False
2025-08-13,Google Ads,goog_7875,Google_Campaign_1,9950,207,350.52,7,509.5,1.4535547187036404,50.07428571428572,0.0208040201005025,1.6933333333333331,0.0338164251207729,35.22814070351759,-1.743552088277172,False,-2.8632989717196056,True,0.6745,False
2025-08-13,Google Ads,goog_2934,Google_Campaign_2,9876,195,554.81,9,1351.2,2.435428344838774,61.645555555555546,0.0197448359659781,2.845179487179487,0.0461538461538461,56.17760226812474,1.6886709000552158,False,0.48901332947879694,False,-0.2826369222888785,False
2025-08-13,Google Ads,goog_7082,Google_Campaign_3,9893,194,372.07,7,443.14,1.191012443894966,53.15285714285714,0.019609825128879,1.9178865979381443,0.0360824742268041,37.609420802587685,-2.095314411764706,False,-0.9365121623987542,False,0.0,False
2025-08-13,Google Ads,goog_6239,Google_Campaign_4,9864,196,442.0,11,614.87,1.391108597285068,40.18181818181818,0.0198702351987023,2.2551020408163267,0.0561224489795918,44.80940794809408,-0.5710860375111644,False,-0.41302390652471926,False,-0.3996742657270319,False
2025-08-13,Google Ads,goog_3621,Google_Campaign_5,10095,181,521.52,5,457.66,0.8775502377665287,104.304,0.0179296681525507,2.8813259668508286,0.0276243093922651,51.66121842496285,0.7449477777777775,False,-0.9238475656018377,False,-0.6402859947101046,False
2025-08-13,LinkedIn Ads,li_7412,LinkedIn_Campaign_1,2973,59,461.99,5,2197.47,4.7565315266564205,92.398,0.0198452741338715,7.830338983050847,0.0847457627118644,155.39522367978472,2.367949359582541,False,-1.6015532768382297,False,-1.822553709672534,False
2025-08-13,LinkedIn Ads,li_8922,LinkedIn_Campaign_2,2983,66,499.95,6,1909.2,3.818781878187819,83.325,0.0221253771371102,7.575,0.0909090909090909,167.59973181361045,1.060172089717264,False,-0.35246581947309136,False,-0.5277524254691222,False
2025-08-13,LinkedIn Ads,li_662,LinkedIn_Campaign_3,3012,68,331.1,11,3655.68,11.041014799154333,30.1,0.0225763612217795,4.869117647058824,0.1617647058823529,109.92695883134132,-0.5632792553191487,False,0.0684387313650133,False,-0.9806519670546778,False
2025-08-13,Meta Ads,meta_1685,Meta_Campaign_1,12855,183,358.68,12,1601.32,4.46448087431694,29.89,0.0142357059509918,1.96,0.0655737704918032,27.90198366394399,0.18894164932854174,False,0.0,False,-0.7399357688254717,False
2025-08-13,Meta Ads,meta_1194,Meta_Campaign_2,11243,167,271.75,16,1360.41,5.006108555657774,16.984375,0.014853686738415,1.627245508982036,0.0958083832335329,24.170595036911852,-0.6745,False,-1.183942774964682,False,-0.33800481760532014,False
2025-08-13,Meta Ads,meta_6180,Meta_Campaign_3,12430,195,301.61,11,688.19,2.2817214283346043,27.41909090909091,0.0156878519710378,1.5467179487179488,0.0564102564102564,24.264682220434437,-0.6745,False,-0.8024085058326372,False,0.8859547947772912,False
2025-08-13,Meta Ads,meta_7210,Meta_Campaign_4,11326,165,393.45,23,2471.03,6.280416825517856,17.106521739130436,0.0145682500441462,2.3845454545454543,0.1393939393939394,34.73865442345047,6.294487300094076,True,0.3885948742754654,False,0.6745,False
2025-08-14,Google Ads,goog_7875,Google_Campaign_1,9916,215,359.12,12,1536.55,4.278653374916463,29.926666666666662,0.0216821298910851,1.6703255813953488,0.055813953488372,36.21621621621622,-0.6421654941099475,False,1.7479307970556608,False,1.6749950938150866,False
2025-08-14,Google Ads,goog_2934,Google_Campaign_2,10084,215,503.4,14,1547.31,3.0737187127532777,35.957142857142856,0.0213209044030146,2.341395348837209,0.0651162790697674,49.920666402221336,1.0504223265230983,False,0.8741053579513242,False,1.9977314662671013,False
2025-08-14,Google Ads,goog_7082,Google_Campaign_3,9873,184,313.64,3,307.76,0.9812523912766228,104.54666666666668,0.0186366859110705,1.7045652173913042,0.0163043478260869,31.767446571457512,-3.2544625,True,-1.037294656802166,False,-1.3240660129554258,False
2025-08-14,Google Ads,goog_6239,Google_Campaign_4,10026,194,392.34,10,1675.48,4.270479685986644,39.234,0.0193496908039098,2.0223711340206183,0.0515463917525773,39.13225613405146,-0.6745000000000001,False,5.767201924224184,True,-0.38905169090460323,False
2025-08-14,Google Ads,goog_3621,Google_Campaign_5,9970,181,405.11,7,832.09,2.053985337315791,57.87285714285714,0.0181544633901705,2.2381767955801104,0.0386740331491712,40.63289869608826,-0.6212061728395057,False,0.0,False,-0.23391593746753805,False
2025-08-14,LinkedIn Ads,li_7412,LinkedIn_Campaign_1,2940,77,349.56,9,2928.08,8.376473280695732,38.84,0.0261904761904761,4.53974025974026,0.1168831168831168,118.89795918367348,0.6745,False,-0.24409564422727315,False,0.0,False
2025-08-14,LinkedIn Ads,li_8922,LinkedIn_Campaign_2,3032,87,684.54,14,5270.4,7.699184854062582,48.89571428571429,0.0286939313984168,7.868275862068965,0.160919540229885,225.7717678100264,2.0990532608695656,False,0.6587294855393719,False,0.9298459359700755,False
2025-08-14,LinkedIn Ads,li_662,LinkedIn_Campaign_3,3003,89,376.6,11,4400.56,11.684970791290494,34.23636363636364,0.0296370296370296,4.231460674157304,0.1235955056179775,125.40792540792542,0.0,False,0.3715873331479237,False,1.4779822138918663,False
2025-08-14,Meta Ads,meta_1685,Meta_Campaign_1,10160,169,315.09,16,1716.69,5.448252880129488,19.693125,0.0166338582677165,1.864437869822485,0.0946745562130177,31.01279527559055,-0.17941453382084135,False,0.5078483976706012,False,2.1859707575563507,False
2025-08-14,Meta Ads,meta_1194,Meta_Campaign_2,9685,146,158.68,15,1149.37,7.24331988908495,10.578666666666669,0.0150748580278781,1.0868493150684932,0.1027397260273972,16.384099122354158,-1.9739669449650705,False,0.0,False,0.14511401403688912,False
2025-08-14,Meta Ads,meta_6180,Meta_Campaign_3,10806,153,205.68,21,1089.94,5.299202644885259,9.794285714285715,0.0141588006662965,1.3443137254901962,0.1372549019607843,19.03387007218212,-0.9235624464744504,False,0.0,False,-0.5253530117019407,False
2025-08-14,Meta Ads,meta_7210,Meta_Campaign_4,13114,210,396.75,20,1409.3,3.5521109010712038,19.8375,0.0160134207716943,1.8892857142857145,0.0952380952380952,30.25392710080829,5.039085276967921,True,-0.19938386457483015,False,2.9465979397893065,True
2025-08-15,Google Ads,goog_7875,Google_Campaign_1,9825,224,516.13,9,1548.62,3.0004456241644544,57.34777777777778,0.0227989821882951,2.3041517857142857,0.0401785714285714,52.5323155216285,1.0905446662303664,False,0.0,False,1.924932713814974,False
2025-08-15,Google Ads,goog_2934,Google_Campaign_2,10054,216,626.2,14,794.96,1.2694985627595017,44.72857142857144,0.0214839864730455,2.899074074074074,0.0648148148148148,62.28366819176448,1.6534457510932525,False,-1.2320719182743591,False,2.233690253651994,False
2025-08-15,Google Ads,goog_7082,Google_Campaign_3,9882,187,516.71,12,1443.65,2.7939269609645643,43.05916666666667,0.018923294879579,2.763155080213904,0.0641711229946524,52.28799838089456,0.15465808080808155,False,0.5702464012551417,False,-0.6745,False
2025-08-15,Google Ads,goog_6239,Google_Campaign_4,9976,178,484.04,20,3989.91,8.242934468225766,24.202,0.0178428227746591,2.7193258426966294,0.1123595505617977,48.52044907778669,0.6745,False,9.484958984288163,True,-0.7142464707620331,False
2025-08-15,Google Ads,goog_3621,Google_Campaign_5,10016,198,335.36,15,2113.89,6.303345658396946,22.357333333333333,0.0197683706070287,1.6937373737373738,0.0757575757575757,33.48242811501598,-1.7757210800099075,False,3.812426301447375,True,0.6745,False
2025-08-15,LinkedIn Ads,li_7412,LinkedIn_Campaign_1,2997,74,429.83,9,2404.54,5.594165135053394,47.75888888888889,0.0246913580246913,5.808513513513513,0.1216216216216216,143.4200867534201,0.6964511834319524,False,-0.6745,False,-0.4330269081446281,False
2025-08-15,LinkedIn Ads,li_8922,LinkedIn_Campaign_2,2968,59,210.42,6,1412.22,6.711434274308527,35.07,0.0198787061994609,3.566440677966101,0.1016949152542373,70.89622641509435,-1.5599163043478266,False,0.0,False,-1.0126015095528784,False
2025-08-15,LinkedIn Ads,li_662,LinkedIn_Campaign_3,3047,85,367.72,4,1867.04,5.077341455455238,91.93,0.0278962914341975,4.326117647058824,0.0470588235294117,120.682638660978,-0.13163868131868123,False,-2.7714185097548056,True,0.8384026525877305,False
2025-08-15,Meta Ads,meta_1685,Meta_Campaign_1,15502,249,293.4,24,3268.2,11.139059304703476,12.225,0.0160624435556702,1.178313253012048,0.0963855421686747,18.926590117404203,-0.5083358234885331,False,1.839568047038257,False,1.5043980889452604,False
2025-08-15,Meta Ads,meta_1194,Meta_Campaign_2,12786,186,218.5,16,2472.89,11.317574370709382,13.65625,0.014547160957297,1.174731182795699,0.086021505376344,17.089003597684968,-0.6119803203271427,False,2.171297601063052,False,-0.9072358519748092,False
2025-08-15,Meta Ads,meta_6180,Meta_Campaign_3,10608,165,405.02,14,1336.95,3.3009481013283297,28.93,0.0155542986425339,2.4546666666666668,0.0848484848484848,38.18061840120664,0.6327402037617553,False,-0.6745,False,0.1858046998049597,False
2025-08-15,Meta Ads,meta_7210,Meta_Campaign_4,14742,222,537.85,21,1073.79,1.9964488240215672,25.611904761904764,0.015059015059015,2.422747747747748,0.0945945945945946,36.48419481752816,0.9818326612903229,False,-0.6934532149512823,False,0.6745,False
2025-08-16,Google Ads,goog_7875,Google_Campaign_1,9978,191,289.75,9,526.01,1.815392579810181,32.19444444444444,0.0191421126478252,1.5170157068062826,0.0471204188481675,29.038885548206053,-0.8040911668671594,False,-1.7891326892672392,False,-1.2765562904009093,False
2025-08-16,Google Ads,goog_2934,Google_Campaign_2,9863,196,404.21,8,1442.32,3.568244229484674,50.52625,0.0198722498225692,2.062295918367347,0.0408163265306122,40.98245969786069,0.0,False,0.7836901733646866,False,-0.09828545378242527,False
2025-08-16,Google Ads,goog_7082,Google_Campaign_3,10008,188,555.34,9,1299.69,2.340350055821659,61.70444444444445,0.018784972022382,2.953936170212766,0.0478723404255319,55.48960831334932,0.6745,False,0.0,False,-0.6825304047424926,False
2025-08-16,Google Ads,goog_6239,Google_Campaign_4,10058,212,604.57,6,552.87,0.914484675058306,100.76166666666668,0.0210777490554782,2.851745283018868,0.0283018867924528,60.10837144561543,1.1314890048712596,False,-0.6745,False,0.6745,False
2025-08-16,Google Ads,goog_3621,Google_Campaign_5,9987,206,452.28,9,1237.94,2.737109755019015,50.25333333333333,0.0206268148593171,2.195533980582524,0.0436893203883495,45.28687293481526,0.1964598959759101,False,0.2958724096730176,False,1.3043747192704622,False
2025-08-16,LinkedIn Ads,li_7412,LinkedIn_Campaign_1,2982,85,375.42,8,3152.72,8.39784774386021,46.9275,0.0285043594902749,4.416705882352941,0.0941176470588235,125.89537223340042,0.34683972956850273,False,0.005181696149299624,False,0.6745,False
2025-08-16,LinkedIn Ads,li_8922,LinkedIn_Campaign_2,3050,68,216.68,8,3714.39,17.14228355178143,27.085,0.0222950819672131,3.186470588235294,0.1176470588235294,71.04262295081968,-1.245564465882826,False,1.6414197471785794,False,0.0,False
2025-08-16,LinkedIn Ads,li_662,LinkedIn_Campaign_3,3070,78,591.75,10,3128.05,5.28610054921842,59.175,0.0254071661237785,7.586538461538462,0.1282051282051282,192.75244299674267,3.1894214285714284,True,-2.670561943355028,True,0.004883470225128563,False
2025-08-16,Meta Ads,meta_1685,Meta_Campaign_1,11748,172,251.35,15,2103.69,8.36956435249652,16.756666666666668,0.0146407899216887,1.4613372093023256,0.0872093023255814,21.39513108614232,-1.4938370396108387,False,0.9443215669411857,False,-0.19132349596715983,False
2025-08-16,Meta Ads,meta_1194,Meta_Campaign_2,15816,271,421.17,30,4585.7,10.888002469311678,14.039,0.0171345472938796,1.5541328413284137,0.1107011070110701,26.629362670713203,1.711681216032609,False,0.8844364023330716,False,4.287133812652073,True
2025-08-16,Meta Ads,meta_6180,Meta_Campaign_3,14978,234,416.47,18,1208.94,2.9028261339352173,23.137222222222224,0.015622913606623,1.7797863247863248,0.0769230769230769,27.805447990385904,0.6745,False,-0.2634676604546705,False,0.3465341807392405,False
2025-08-16,Meta Ads,meta_7210,Meta_Campaign_4,12706,200,448.55,10,1737.59,3.873793334076468,44.855,0.0157405949944907,2.24275,0.05,35.30221942389422,0.6745000000000001,False,0.0,False,0.5502903444625196,False
2025-08-17,Google Ads,goog_7875,Google_Campaign_1,9840,203,441.05,8,794.4,1.8011563314816914,55.13125,0.020630081300813,2.172660098522168,0.0394088669950738,44.82215447154472,0.27517838116514876,False,-0.6826028858103128,False,0.0,False
2025-08-17,Google Ads,goog_2934,Google_Campaign_2,10050,192,304.58,10,1162.3,3.8160745945236063,30.458,0.0191044776119403,1.5863541666666665,0.0520833333333333,30.306467661691546,-0.6774920354874483,False,0.6745000000000001,False,-1.3003494115822112,False
2025-08-17,Google Ads,goog_7082,Google_Campaign_3,10142,203,536.38,11,716.85,1.3364592266676611,48.76181818181818,0.0200157759810688,2.6422660098522166,0.0541871921182266,52.88700453559456,0.42974363636363616,False,-0.13581868912724415,False,0.9557288434167779,False
2025-08-17,Google Ads,goog_6239,Google_Campaign_4,9833,178,455.57,5,313.63,0.6884342691573194,91.114,0.0181023085528323,2.55938202247191,0.0280898876404494,46.330723075358485,0.0,False,-0.6745,False,-0.9875385826405665,False
2025-08-17,Google Ads,goog_3621,Google_Campaign_5,9963,195,316.92,12,1605.13,5.064779755143254,26.41,0.0195724179464016,1.6252307692307693,0.0615384615384615,31.809695874736526,-1.2610590417638339,False,2.2982832620190043,False,0.0,False
2025-08-17,LinkedIn Ads,li_7412,LinkedIn_Campaign_1,3096,99,713.32,10,2939.72,4.121179835137105,71.33200000000001,0.0319767441860465,7.205252525252526,0.101010101010101,230.40051679586568,3.709530436197917,True,-0.7928844230232673,False,1.6867046680148472,False
2025-08-17,LinkedIn Ads,li_8922,LinkedIn_Campaign_2,3027,72,522.64,10,2463.66,4.713875707944283,52.264,0.0237859266600594,7.258888888888888,0.1388888888888889,172.65939874463166,0.6745,False,-0.6108124242768997,False,0.6745000000000001,False
2025-08-17,LinkedIn Ads,li_662,LinkedIn_Campaign_3,3047,82,296.72,13,3440.05,11.59358991641952,22.824615384615388,0.0269117164424023,3.618536585365854,0.1585365853658536,97.38103052182475,-0.6745,False,0.5787847634727191,False,0.6745,False
2025-08-17,Meta Ads,meta_1685,Meta_Campaign_1,14711,216,294.95,18,2983.35,10.114765214443128,16.38611111111111,0.0146828903541567,1.3655092592592593,0.0833333333333333,20.04962273128951,-0.4720093815149401,False,0.8203961424430452,False,-0.14110689583074287,False
2025-08-17,Meta Ads,meta_1194,Meta_Campaign_2,12095,184,458.14,11,1737.72,3.7929890426507193,41.64909090909091,0.0152128978916907,2.489891304347826,0.0597826086956521,37.87846217445225,2.135191151494565,False,-0.9960250388683812,False,0.0,False
2025-08-17,Meta Ads,meta_6180,Meta_Campaign_3,15590,260,322.62,19,2060.56,6.386956791271465,16.98,0.0166773572803078,1.240846153846154,0.073076923076923,20.6940346375882,0.0,False,2.0422472414823263,False,3.893319022555104,True
2025-08-17,Meta Ads,meta_7210,Meta_Campaign_4,14976,228,493.68,16,2463.05,4.989163020580134,30.855,0.0152243589743589,2.165263157894737,0.0701754385964912,32.96474358974359,1.4081752229452877,False,0.4203918677313652,False,0.16362639962636658,False
2025-08-18,Google Ads,goog_7875,Google_Campaign_1,9903,202,331.62,11,667.46,2.0127254086002053,30.14727272727273,0.0203978592345753,1.6416831683168318,0.0544554455445544,33.48682217509845,-0.3187618147448015,False,0.0,False,-0.2982934604989751,False
2025-08-18,Google Ads,goog_2934,Google_Campaign_2,9947,177,340.33,5,772.55,2.27000264449211,68.066,0.0177943098421634,1.9227683615819209,0.0282485875706214,34.2143359806977,-0.43438915213227136,False,-0.7302514890154468,False,-2.0545212883025092,False
2025-08-18,Google Ads,goog_7082,Google_Campaign_3,10037,207,543.57,13,2581.49,4.749139945177253,41.81307692307693,0.0206236923383481,2.6259420289855075,0.0628019323671497,54.15662050413471,0.4689896453533526,False,5.0396090894883745,True,1.7609283823254458,False
2025-08-18,Google Ads,goog_6239,Google_Campaign_4,9975,171,366.54,10,1631.81,4.451928848147541,36.654,0.0171428571428571,2.1435087719298247,0.0584795321637426,36.74586466165414,-1.2106986203615595,False,0.5212803710086104,False,-1.0460260111494533,False
2025-08-18,Google Ads,goog_3621,Google_Campaign_5,9851,197,390.07,14,1517.32,3.889865921501269,27.862142857142857,0.019997969749264,1.98005076142132,0.0710659898477157,39.59699522891077,-0.21506211575153747,False,0.6745,False,0.39683466033258624,False
2025-08-18,LinkedIn Ads,li_7412,LinkedIn_Campaign_1,3016,83,554.61,7,3155.11,5.688880474567714,79.23,0.0275198938992042,6.682048192771084,0.0843373493975903,183.8892572944297,1.0485126448237205,False,0.0,False,0.5981464737088809,False
2025-08-18,LinkedIn Ads,li_8922,LinkedIn_Campaign_2,2989,76,576.75,6,2588.99,4.488929345470307,96.125,0.0254265640682502,7.588815789473684,0.0789473684210526,192.95751087320173,0.5926956521739133,False,-0.10458780304541326,False,1.4167704304041029,False
2025-08-18,LinkedIn Ads,li_662,LinkedIn_Campaign_3,3026,91,342.99,10,4135.61,12.057523542960435,34.299,0.0300727032385988,3.7691208791208792,0.1098901098901098,113.34765366820884,0.0,False,0.5662998953890146,False,0.821091513252291,False
2025-08-18,Meta Ads,meta_1685,Meta_Campaign_1,15240,216,416.75,13,1062.05,2.548410317936413,32.05769230769231,0.0141732283464566,1.929398148148148,0.0601851851851851,27.345800524934383,1.5730596467079598,False,-1.181434927688609,False,-0.6745,False
2025-08-18,Meta Ads,meta_1194,Meta_Campaign_2,15517,211,408.93,20,1534.24,3.7518401682439535,20.4465,0.0135979893020558,1.9380568720379148,0.0947867298578199,26.35367661274731,0.5833151093439364,False,-0.6825441317145128,False,-3.0740238131223743,True
2025-08-18,Meta Ads,meta_6180,Meta_Campaign_3,10506,146,349.7,12,1202.77,3.439433800400343,29.141666666666666,0.013896820864268,2.3952054794520548,0.0821917808219178,33.285741481058444,0.34712010642341296,False,0.0,False,-1.3529563416405073,False
2025-08-18,Meta Ads,meta_7210,Meta_Campaign_4,11917,187,271.66,11,972.86,3.5811676360156075,24.69636363636364,0.0156918687589158,1.4527272727272729,0.0588235294117647,22.796005706134096,-2.201188238129669,False,-0.17696019152247386,False,0.6108356205038143,False
2025-08-19,Google Ads,goog_7875,Google_Campaign_1,9861,176,449.77,8,517.4,1.1503657424906064,56.22125,0.0178480884291654,2.5555113636363638,0.0454545454545454,45.61099279991887,0.8814101917255295,False,-1.2396729308544565,False,-1.7836193207017057,False
2025-08-19,Google Ads,goog_2934,Google_Campaign_2,9998,195,409.06,11,1597.9,3.906272918398279,37.18727272727273,0.019503900780156,2.09774358974359,0.0564102564102564,40.91418283656731,0.0,False,0.7564536437272942,False,-0.253780999048874,False
2025-08-19,Google Ads,goog_7082,Google_Campaign_3,9759,170,473.4,10,744.4,1.572454583861428,47.34,0.0174198176042627,2.784705882352941,0.0588235294117647,48.50906855210575,-0.7562152472171898,False,0.0,False,-1.4771314493932919,False
2025-08-19,Google Ads,goog_6239,Google_Campaign_4,9815,182,529.68,10,1082.25,2.043214771182601,52.968,0.0185430463576158,2.91032967032967,0.0549450549450549,53.96637799286805,0.7905613632769248,False,0.0,False,0.0,False
2025-08-19,Google Ads,goog_3621,Google_Campaign_5,10041,198,411.67,16,2972.84,7.221415211212864,25.729375,0.0197191514789363,2.0791414141414144,0.0808080808080808,40.9989044915845,0.09380368878524498,False,1.22400662399698,False,0.0,False
2025-08-19,LinkedIn Ads,li_7412,LinkedIn_Campaign_1,3020,72,389.6,8,3382.27,8.68139117043121,48.7,0.023841059602649,5.411111111111111,0.1111111111111111,129.0066225165563,-0.4987159529498252,False,1.2875216183448335,False,-0.6848579998080164,False
2025-08-19,LinkedIn Ads,li_8922,LinkedIn_Campaign_2,2976,74,268.71,10,2913.71,10.843325518216666,26.871,0.0248655913978494,3.631216216216216,0.1351351351351351,90.2923387096774,-0.8449611571591096,False,1.253972761928983,False,0.4438725229619193,False
2025-08-19,LinkedIn Ads,li_662,LinkedIn_Campaign_3,3037,85,386.07,9,3379.38,8.753283083378662,42.89666666666667,0.0279881461969048,4.542,0.1058823529411764,127.12216002634176,0.5004882733522025,False,-1.5180145293320058,False,0.03559181808342779,False
2025-08-19,Meta Ads,meta_1685,Meta_Campaign_1,15868,209,225.31,16,2445.31,10.853091296436022,14.081875,0.0131711620872195,1.0780382775119617,0.0765550239234449,14.199016889337033,-1.0773435779816511,False,0.6048535753250998,False,-2.1200715089930284,False
2025-08-19,Meta Ads,meta_1194,Meta_Campaign_2,15359,204,498.2,19,1196.6,2.401846647932557,26.221052631578942,0.0132821147210104,2.442156862745098,0.0931372549019607,32.43700761768344,0.6745,False,-0.785162595287665,False,-2.9509811042137093,True
2025-08-19,Meta Ads,meta_6180,Meta_Campaign_3,15654,232,402.08,20,1330.2,3.308296856346996,20.104,0.0148204931646863,1.733103448275862,0.0862068965517241,25.68544780886674,0.6745,False,0.0,False,-0.6745000000000001,False
2025-08-19,Meta Ads,meta_7210,Meta_Campaign_4,14910,217,247.58,19,1430.38,5.777445674125535,13.030526315789476,0.0145539906103286,1.1409216589861753,0.0875576036866359,16.60496311200537,-1.0380188280202205,False,1.1511999285080767,False,-0.875885145370123,False
2025-08-20,Google Ads,goog_7875,Google_Campaign_1,9869,221,348.63,11,1442.05,4.136333648854086,31.69363636363636,0.0223933529232951,1.5775113122171949,0.0497737556561085,35.325767554970106,-0.10199661236845907,False,1.6609934512744233,False,0.7992955409215362,False
2025-08-20,Google Ads,goog_2934,Google_Campaign_2,10040,232,460.39,14,1268.75,2.7558157214535504,32.885,0.0231075697211155,1.9844396551724135,0.0603448275862069,45.85557768924303,0.5037405063291137,False,-0.2888447076357986,False,1.5063792991277032,False
2025-08-20,Google Ads,goog_7082,Google_Campaign_3,9983,175,481.94,10,1113.43,2.310308337137404,48.194,0.0175298006611239,2.753942857142857,0.0571428571428571,48.27606931784033,-0.6745,False,0.0,False,-0.6878537212960202,False
2025-08-20,Google Ads,goog_6239,Google_Campaign_4,9893,193,496.38,11,1011.89,2.038539022523067,45.12545454545455,0.0195087435560497,2.571917098445596,0.0569948186528497,50.17487112099464,0.18236919368974575,False,-0.0023278992177265014,False,0.8074967395315866,False
2025-08-20,Google Ads,goog_3621,Google_Campaign_5,10015,211,429.17,13,678.07,1.579956660530792,33.01307692307692,0.0210683974038941,2.033981042654029,0.0616113744075829,42.85272091862207,0.6745,False,-0.8486574834690769,False,3.8191260905803923,True
2025-08-20,LinkedIn Ads,li_7412,LinkedIn_Campaign_1,3002,72,262.78,7,1770.29,6.736776010350864,37.54,0.0239840106595602,3.6497222222222216,0.0972222222222222,87.53497668221185,-2.126276162068111,False,0.0,False,-0.6745,False
2025-08-20,LinkedIn Ads,li_8922,LinkedIn_Campaign_2,3065,78,242.7,8,2436.05,10.03728883395138,30.3375,0.0254486133768352,3.1115384615384616,0.1025641025641025,79.18433931484502,-0.30097349459598555,False,0.5282706270087913,False,0.3642318870493776,False
2025-08-20,LinkedIn Ads,li_662,LinkedIn_Campaign_3,2960,83,466.27,11,5227.58,11.211486906727862,42.38818181818181,0.0280405405405405,5.6177108433734935,0.1325301204819277,157.52364864864865,1.7995362987206174,False,0.0,False,0.032830739427686405,False
2025-08-20,Meta Ads,meta_1685,Meta_Campaign_1,15030,244,469.99,23,3908.04,8.315155641609396,20.43434782608696,0.0162341982701264,1.926188524590164,0.0942622950819672,31.270126413838987,2.707900917431193,True,-0.014776838070116385,False,0.7584754166592554,False
2025-08-20,Meta Ads,meta_1194,Meta_Campaign_2,12863,210,344.87,18,1431.75,4.151564357584017,19.159444444444446,0.0163258959807198,1.6422380952380953,0.0857142857142857,26.81100831843272,-0.6745,False,0.0,False,0.6745,False
2025-08-20,Meta Ads,meta_6180,Meta_Campaign_3,10263,150,173.13,12,1069.51,6.17749667879628,14.4275,0.0146156094709149,1.1542,0.08,16.86933645133002,-2.152864515545915,False,3.4416642304868836,True,-0.18832518374509788,False
2025-08-20,Meta Ads,meta_7210,Meta_Campaign_4,10099,151,246.45,14,2123.21,8.615175491986205,17.603571428571428,0.0149519754431131,1.6321192052980131,0.0927152317880794,24.40340627784929,-0.8104352865936528,False,2.867266615013575,True,-0.39298149021505996,False
2025-08-21,Google Ads,goog_7875,Google_Campaign_1,10058,189,564.18,6,766.5,1.358608954588961,94.03,0.018791012129648,2.9850793650793648,0.0317460317460317,56.09266255716842,0.898627840294308,False,-0.6745,False,-0.6745,False
2025-08-21,Google Ads,goog_2934,Google_Campaign_2,10134,209,567.23,13,2340.79,4.126703453625513,43.63307692307693,0.0206236431813696,2.714019138755981,0.062200956937799,55.97296230511151,1.5522430525243704,False,0.6745,False,0.6601109202633522,False
2025-08-21,Google Ads,goog_7082,Google_Campaign_3,10164,203,502.41,12,2032.43,4.04536135825322,41.8675,0.0199724517906336,2.4749261083743845,0.0591133004926108,49.43034238488784,-0.3590971705137752,False,1.497638891598579,False,0.6477515588519633,False
2025-08-21,Google Ads,goog_6239,Google_Campaign_4,10143,215,509.0,5,599.2,1.1772102161100195,101.8,0.0211968845509218,2.3674418604651164,0.0232558139534883,50.18239179729863,0.25562132132132176,False,-0.5168489239296445,False,1.8535974467854024,False
2025-08-21,Google Ads,goog_3621,Google_Campaign_5,10012,224,348.55,14,1456.4,4.178453593458614,24.89642857142857,0.0223731522173391,1.5560267857142858,0.0625,34.81322413104275,-0.6745,False,0.0,False,3.764666402399618,True
2025-08-21,LinkedIn Ads,li_7412,LinkedIn_Campaign_1,3043,68,471.5,2,735.43,1.5597667020148462,235.75,0.0223463687150838,6.9338235294117645,0.0294117647058823,154.94577719355897,0.5165670832567547,False,-1.77654277196599,False,-0.6745,False
2025-08-21,LinkedIn Ads,li_8922,LinkedIn_Campaign_2,3044,81,274.99,12,5934.24,21.57983926688243,22.91583333333333,0.0266097240473061,3.3949382716049383,0.1481481481481481,90.338370565046,0.08141187776282957,False,1.4624922174416293,False,1.0896136836575694,False
2025-08-21,LinkedIn Ads,li_662,LinkedIn_Campaign_3,3001,81,264.43,15,3330.71,12.595809855160155,17.628666666666668,0.0269910029990003,3.264567901234568,0.1851851851851851,88.11396201266244,-0.9812550000000002,False,0.6745,False,-0.6745,False
2025-08-21,Meta Ads,meta_1685,Meta_Campaign_1,15216,252,468.46,22,3081.45,6.577829483840669,21.293636363636363,0.0165615141955835,1.858968253968254,0.0873015873015873,30.78732912723449,1.6805355399195867,False,-0.6745,False,0.918508818400199,False
2025-08-21,Meta Ads,meta_1194,Meta_Campaign_2,11350,194,312.56,15,1909.49,6.109195034553366,20.837333333333333,0.0170925110132158,1.6111340206185567,0.0773195876288659,27.538325991189428,-1.014698173587262,False,0.7546485266351056,False,0.7850593269525589,False
2025-08-21,Meta Ads,meta_6180,Meta_Campaign_3,10591,167,410.44,13,1734.8,4.2266835591073,31.57230769230769,0.0157681049948069,2.457724550898204,0.0778443113772455,38.753658766877535,0.39185684503127116,False,0.9895497128204979,False,0.1965267212656183,False
2025-08-21,Meta Ads,meta_7210,Meta_Campaign_4,9972,161,176.12,16,954.68,5.420622302975244,11.0075,0.0161452065784195,1.093913043478261,0.0993788819875776,17.661452065784196,-0.6744999999999999,False,0.26091733485043517,False,1.3285533895885326,False
2025-08-22,Google Ads,goog_7875,Google_Campaign_1,10063,195,482.52,13,1932.35,4.004704468208572,37.11692307692307,0.0193779191096094,2.4744615384615383,0.0666666666666666,47.949915532147465,0.30265651374161406,False,3.2328016749933925,True,0.0,False
2025-08-22,Google Ads,goog_2934,Google_Campaign_2,10019,208,388.12,17,1852.4,4.772750695661136,22.83058823529412,0.0207605549456033,1.8659615384615384,0.0817307692307692,38.73839704561333,-0.1931773762904945,False,2.0773280115791493,False,0.7803900651675256,False
2025-08-22,Google Ads,goog_7082,Google_Campaign_3,10145,213,381.88,12,1105.39,2.8946003980307955,31.82333333333333,0.0209955643173977,1.7928638497652585,0.056338028169014,37.64218827008378,-2.3932141595525493,False,0.4868395106768176,False,0.6745,False
2025-08-22,Google Ads,goog_6239,Google_Campaign_4,9963,167,492.65,14,2491.32,5.056977570283163,35.18928571428571,0.0167620194720465,2.95,0.0838323353293413,49.44795744253739,-0.07555210210210257,False,1.8112440960315854,False,-0.8579573543733644,False
2025-08-22,Google Ads,goog_3621,Google_Campaign_5,9939,212,371.9,11,2094.66,5.632320516267814,33.809090909090905,0.0213301136935305,1.7542452830188675,0.0518867924528301,37.418251333132105,-0.31344411764705893,False,0.6803603784759926,False,0.6745,False
2025-08-22,LinkedIn Ads,li_7412,LinkedIn_Campaign_1,2974,71,467.91,12,5240.08,11.198905772477612,38.9925,0.0238735709482178,6.590281690140846,0.1690140845070422,157.33355749831875,0.0,False,1.547713185795661,False,-0.045487101470319945,False
2025-08-22,LinkedIn Ads,li_8922,LinkedIn_Campaign_2,2998,79,480.08,6,2261.06,4.7097567072154645,80.01333333333334,0.0263509006004002,6.076962025316456,0.0759493670886076,160.133422281521,2.372375321557194,False,-0.6745,False,0.6745,False
2025-08-22,LinkedIn Ads,li_662,LinkedIn_Campaign_3,3008,72,470.27,9,2895.04,6.156123078231654,52.25222222222222,0.0239361702127659,6.531527777777778,0.125,156.33976063829786,0.6745,False,-2.463184552551297,False,-1.9632310734605378,False
2025-08-22,Meta Ads,meta_1685,Meta_Campaign_1,10778,155,237.72,12,1587.08,6.676257782264849,19.81,0.0143811467804787,1.5336774193548388,0.0774193548387096,22.0560400816478,-0.5543026278001149,False,-0.636286169516739,False,-0.37455879187508173,False
2025-08-22,Meta Ads,meta_1194,Meta_Campaign_2,10700,148,152.94,6,623.64,4.077677520596312,25.49,0.0138317757009345,1.0333783783783783,0.0405405405405405,14.293457943925231,-2.6953677021542304,True,0.0,False,-0.5768542712845846,False
2025-08-22,Meta Ads,meta_6180,Meta_Campaign_3,13157,206,479.88,15,2321.0,4.836625823122447,31.992,0.0156570646803982,2.329514563106796,0.0728155339805825,36.47336018849281,1.001834669721268,False,0.44796604288987835,False,0.028706770238525522,False
2025-08-22,Meta Ads,meta_7210,Meta_Campaign_4,11003,167,180.21,14,1053.87,5.848010654236723,12.872142857142858,0.0151776788148686,1.0791017964071856,0.0838323353293413,16.378260474416066,-0.6745,False,0.6681359161532195,False,-0.06734782589855103,False
2025-08-23,Google Ads,goog_7875,Google_Campaign_1,9875,177,498.43,7,1042.98,2.0925305459141703,71.20428571428572,0.0179240506329113,2.815988700564972,0.03954802259887,50.47392405063291,0.6745,False,0.08229202122676471,False,-0.783152769203375,False
2025-08-23,Google Ads,goog_2934,Google_Campaign_2,10102,218,357.44,15,2775.94,7.76617054610564,23.82933333333333,0.0215798851712532,1.6396330275229358,0.0688073394495412,35.383092456939224,-0.43301234567901226,False,3.0046944286475448,True,0.5760121448267376,False
2025-08-23,Google Ads,goog_7082,Google_Campaign_3,10038,195,554.9,13,2170.76,3.911984141286719,42.68461538461538,0.0194261805140466,2.8456410256410254,0.0666666666666666,55.27993624227933,1.0422285840447452,False,0.5963230927589721,False,-0.5657816875055215,False
2025-08-23,Google Ads,goog_6239,Google_Campaign_4,10041,183,440.96,3,195.66,0.4437137155297533,146.98666666666665,0.0182252763668957,2.4096174863387976,0.0163934426229508,43.91594462702918,-0.9415313259519316,False,-0.7967601527846611,False,0.0,False
2025-08-23,Google Ads,goog_3621,Google_Campaign_5,10048,192,487.27,11,920.04,1.888152359061711,44.29727272727273,0.019108280254777,2.537864583333333,0.0572916666666666,48.49422770700637,1.6767621483375947,False,-1.0625512956961645,False,-0.6745,False
2025-08-23,LinkedIn Ads,li_7412,LinkedIn_Campaign_1,2924,76,365.76,15,4825.59,13.193323490813649,24.384,0.0259917920656634,4.812631578947368,0.1973684210526315,125.08891928864568,-0.7946963667820073,False,1.6649899234602763,False,0.826950337333719,False
2025-08-23,LinkedIn Ads,li_8922,LinkedIn_Campaign_2,3053,76,381.87,11,3398.59,8.89986120931207,34.71545454545455,0.0248935473304945,5.024605263157895,0.1447368421052631,125.08024893547332,0.0,False,0.0,False,-0.6408864612947233,False
2025-08-23,LinkedIn Ads,li_662,LinkedIn_Campaign_3,3074,91,416.3,11,3535.17,8.491880855152534,37.845454545454544,0.0296031229668184,4.5747252747252745,0.1208791208791208,135.42615484710473,0.2542410847880301,False,-1.325105737692881,False,1.0119581205837,False
2025-08-23,Meta Ads,meta_1685,Meta_Campaign_1,13584,182,343.0,12,1815.73,5.293673469387755,28.58333333333333,0.0133981154299175,1.8846153846153848,0.0659340659340659,25.25029446407538,0.0,False,-0.569012347974242,False,-0.6745,False
2025-08-23,Meta Ads,meta_1194,Meta_Campaign_2,14033,201,249.25,20,1731.56,6.947081243731193,12.4625,0.0143233806028646,1.2400497512437811,0.099502487562189,17.76170455355234,-0.6744999999999999,False,5.939812600617784,True,0.0,False
2025-08-23,Meta Ads,meta_6180,Meta_Campaign_3,15825,249,608.86,30,5060.12,8.310810366915218,20.295333333333332,0.0157345971563981,2.4452208835341365,0.1204819277108433,38.47456556082149,1.7927134961439588,False,1.6771763914188222,False,0.06251187624697994,False
2025-08-23,Meta Ads,meta_7210,Meta_Campaign_4,12766,211,495.45,18,3219.96,6.499061459279443,27.525,0.0165282782390725,2.3481042654028434,0.0853080568720379,38.81012063293122,2.4816433872643606,False,0.6745,False,1.88123023966845,False
2025-08-24,Google Ads,goog_7875,Google_Campaign_1,9936,210,331.22,9,1676.16,5.060563975605338,36.80222222222223,0.021135265700483,1.577238095238095,0.0428571428571428,33.335346215781,-0.7906068321139013,False,2.124828417546704,False,0.8152940204304202,False
2025-08-24,Google Ads,goog_2934,Google_Campaign_2,9920,192,357.71,11,1806.67,5.050655558972353,32.519090909090906,0.0193548387096774,1.8630729166666664,0.0572916666666666,36.05947580645161,-0.668564048239896,False,0.6745,False,-0.7642906218687853,False
2025-08-24,Google Ads,goog_7082,Google_Campaign_3,9920,197,482.71,10,635.43,1.3163804354581423,48.271,0.0198588709677419,2.4503045685279186,0.0507614213197969,48.66028225806451,0.0,False,-0.9250482085780016,False,0.0,False
2025-08-24,Google Ads,goog_6239,Google_Campaign_4,10111,209,498.74,12,629.86,1.262902514336127,41.56166666666667,0.0206705568193057,2.3863157894736844,0.0574162679425837,49.32647611512214,0.12613470681458072,False,-0.6073950167193272,False,1.0248656333616584,False
2025-08-24,Google Ads,goog_3621,Google_Campaign_5,10003,176,446.41,8,1524.08,3.414081225778992,55.80125,0.0175947215835249,2.5364204545454547,0.0454545454545454,44.627611716485056,0.6745,False,-0.18417511608540504,False,-1.5143395079335589,False
2025-08-24,LinkedIn Ads,li_7412,LinkedIn_Campaign_1,2916,68,441.7,7,2070.06,4.686574598143537,63.1,0.0233196159122085,6.495588235294117,0.1029411764705882,151.47462277091904,0.0,False,-0.6745,False,-0.6745,False
2025-08-24,LinkedIn Ads,li_8922,LinkedIn_Campaign_2,2951,82,523.69,10,4572.28,8.730890412266797,52.36900000000001,0.0277871907827854,6.386463414634147,0.1219512195121951,177.46187732971876,0.845330417108519,False,-0.05864311584465064,False,2.7055077118316024,True
2025-08-24,LinkedIn Ads,li_662,LinkedIn_Campaign_3,3050,83,598.3,10,2776.34,4.64038107972589,59.83,0.0272131147540983,7.208433734939758,0.1204819277108433,196.16393442622947,2.274578469520104,False,-1.0681484375109835,False,-0.5242564049692785,False
2025-08-24,Meta Ads,meta_1685,Meta_Campaign_1,12158,173,294.5,11,548.01,1.8608149405772496,26.772727272727277,0.0142293140319131,1.7023121387283238,0.0635838150289017,24.22273400230301,-0.3107261588145897,False,-1.8313350634847898,False,0.0,False
2025-08-24,Meta Ads,meta_1194,Meta_Campaign_2,10975,148,226.83,15,654.52,2.885508971476436,15.122000000000002,0.0134851936218678,1.5326351351351353,0.1013513513513513,20.667881548974943,-0.6745,False,-0.6745,False,-0.47552335506151844,False
2025-08-24,Meta Ads,meta_6180,Meta_Campaign_3,15684,232,557.23,13,1346.21,2.4158964879852127,42.86384615384616,0.0147921448610048,2.4018534482758622,0.0560344827586206,35.528564141800565,1.4258331653225809,False,-1.329914594582956,False,-0.02285630155229448,False
2025-08-24,Meta Ads,meta_7210,Meta_Campaign_4,16009,226,564.57,17,786.49,1.3930779177072816,33.21,0.0141170591542257,2.498097345132744,0.0752212389380531,35.26578799425324,3.1736641680273117,True,-4.098103329423955,True,-1.1470282039905964,False
2025-08-25,Google Ads,goog_7875,Google_Campaign_1,9824,179,485.48,10,1807.19,3.7224808437010792,48.548,0.0182206840390879,2.7121787709497207,0.0558659217877094,49.41775244299674,0.06096244274809235,False,0.0,False,-0.44371785659544477,False
2025-08-25,Google Ads,goog_2934,Google_Campaign_2,10096,223,604.59,15,1465.51,2.423973271142427,40.306,0.0220879556259904,2.7111659192825117,0.0672645739910313,59.88411251980983,2.568354138266796,True,-1.2430206083612017,False,0.7124726782745429,False
2025-08-25,Google Ads,goog_7082,Google_Campaign_3,9857,193,538.68,3,379.84,0.7051310611123487,179.55999999999997,0.0195799939129552,2.7910880829015543,0.0155440414507772,54.6494876737344,1.916333248730959,False,-1.0893064485358235,False,0.0,False
2025-08-25,Google Ads,goog_6239,Google_Campaign_4,9976,195,568.3,8,1022.55,1.7993137427415098,71.0375,0.0195469125902165,2.914358974358974,0.041025641025641,56.966720128307934,4.572925925925927,True,0.0,False,0.022159338647378783,False
2025-08-25,Google Ads,goog_3621,Google_Campaign_5,10060,228,428.11,11,1046.45,2.444348415126953,38.91909090909091,0.0226640159045725,1.8776754385964916,0.0482456140350877,42.55566600397614,0.0,False,-0.428646967136763,False,0.7976638348870617,False
2025-08-25,LinkedIn Ads,li_7412,LinkedIn_Campaign_1,3021,71,520.7,3,764.61,1.4684271173420396,173.5666666666667,0.0235021516054286,7.333802816901409,0.0422535211267605,172.36014564713673,1.0227543186180437,False,-0.7963688905902137,False,-0.6745,False
2025-08-25,LinkedIn Ads,li_8922,LinkedIn_Campaign_2,2922,67,369.54,10,3042.44,8.233046490231098,36.954,0.0229295003422313,5.5155223880597015,0.1492537313432835,126.4681724845996,0.0,False,-0.3954243050521485,False,-1.8831495087860226,False
2025-08-25,LinkedIn Ads,li_662,LinkedIn_Campaign_3,3103,66,394.45,9,3801.22,9.63676004563316,43.827777777777776,0.0212697389622945,5.976515151515152,0.1363636363636363,127.11891717692556,-0.2949334600760461,False,0.24241489065327512,False,-4.844914235521839,True
2025-08-25,Meta Ads,meta_1685,Meta_Campaign_1,14022,234,530.56,25,3901.36,7.353287092882993,21.2224,0.0166880616174582,2.267350427350427,0.1068376068376068,37.83768363999429,1.0749360183533008,False,0.33029180626363214,False,1.2859782989084045,False
2025-08-25,Meta Ads,meta_1194,Meta_Campaign_2,12327,171,203.9,15,1029.88,5.050907307503679,13.593333333333334,0.0138719883183256,1.1923976608187137,0.087719298245614,16.540926421675998,-0.4831555046596113,False,0.47913134478720704,False,0.0,False
2025-08-25,Meta Ads,meta_6180,Meta_Campaign_3,9726,136,279.0,10,569.05,2.039605734767025,27.9,0.0139831379806703,2.051470588235294,0.0735294117647058,28.685996298581124,-0.6745,False,-0.8146645268476491,False,-0.675131845886678,False
2025-08-25,Meta Ads,meta_7210,Meta_Campaign_4,15046,209,437.42,14,1584.68,3.6227881669791047,31.24428571428572,0.0138907350790907,2.092918660287081,0.0669856459330143,29.07217865213346,1.7918706968933666,False,-2.013975467928962,False,-0.8573393944523275,False
2025-08-26,Google Ads,goog_7875,Google_Campaign_1,10061,200,407.54,6,1076.79,2.6421700937331303,67.92333333333333,0.0198787396879037,2.0377,0.03,40.50690786204155,-0.6745,False,-0.6745,False,0.29190567125422273,False
2025-08-26,Google Ads,goog_2934,Google_Campaign_2,10035,194,385.63,11,1601.97,4.154163317169307,35.057272727272725,0.019332336821126,1.987783505154639,0.056701030927835,38.42850024912805,-0.054742666232073196,False,0.0,False,-0.7257289672919335,False
2025-08-26,Google Ads,goog_7082,Google_Campaign_3,10141,188,496.54,10,1656.45,3.335985016312885,49.654,0.0185386056601913,2.641170212765957,0.0531914893617021,48.96361305591165,0.0,False,0.2926269728652221,False,-1.7897879401591508,False
2025-08-26,Google Ads,goog_6239,Google_Campaign_4,9998,216,358.96,5,727.31,2.026158903498997,71.792,0.0216043208641728,1.6618518518518517,0.0231481481481481,35.90318063612722,-7.344674326465925,True,0.28524209194087363,False,1.0500029102536805,False
2025-08-26,Google Ads,goog_3621,Google_Campaign_5,9945,222,469.66,13,1096.16,2.3339437039560536,36.12769230769231,0.0223227752639517,2.1155855855855856,0.0585585585585585,47.22574157868276,0.6745,False,-0.08615072655287266,False,0.6419228187318272,False
2025-08-26,LinkedIn Ads,li_7412,LinkedIn_Campaign_1,2921,72,326.67,8,2394.39,7.329690513362108,40.83375,0.0246490927764464,4.537083333333333,0.1111111111111111,111.83498801780212,-1.0216978535686065,False,0.08962554959192243,False,0.9442814653487721,False
2025-08-26,LinkedIn Ads,li_8922,LinkedIn_Campaign_2,3011,84,634.79,14,2866.6,4.515824130814916,45.34214285714285,0.027897708402524,7.557023809523809,0.1666666666666666,210.82364662902688,1.5961315494011974,False,-2.176259676717311,False,0.7264004692978502,False
2025-08-26,LinkedIn Ads,li_662,LinkedIn_Campaign_3,3066,73,424.95,9,3638.2,8.561477820920109,47.21666666666667,0.0238095238095238,5.821232876712329,0.1232876712328767,138.60078277886498,0.0,False,0.0,False,-0.8215195855243861,False
2025-08-26,Meta Ads,meta_1685,Meta_Campaign_1,13280,190,395.24,17,924.53,2.3391610160914884,23.249411764705883,0.0143072289156626,2.0802105263157897,0.0894736842105263,29.762048192771086,0.0,False,-2.226350886745508,False,-0.050718219505407065,False
2025-08-26,Meta Ads,meta_1194,Meta_Campaign_2,15720,227,555.72,31,1344.89,2.4200856546462246,17.926451612903225,0.0144402035623409,2.448105726872247,0.1365638766519823,35.35114503816794,3.2651084346864634,True,-0.9224575780386135,False,0.16028539556338284,False
2025-08-26,Meta Ads,meta_6180,Meta_Campaign_3,10001,171,327.79,18,2946.68,8.989535983404007,18.21055555555556,0.0170982901709829,1.9169005847953215,0.1052631578947368,32.77572242775722,-0.42412830949482644,False,1.1571462626783557,False,1.1239268329880014,False
2025-08-26,Meta Ads,meta_7210,Meta_Campaign_4,15096,225,433.22,13,1412.0,3.25931397442408,33.324615384615385,0.0149046104928457,1.9254222222222224,0.0577777777777777,28.697668256491788,0.0,False,-0.8108659405335101,False,-0.03826450553256499,False
2025-08-27,Google Ads,goog_7875,Google_Campaign_1,10098,187,403.96,6,745.66,1.8458758292900288,67.32666666666667,0.0185185185185185,2.1602139037433155,0.0320855614973262,40.003961180431766,-0.7067047212590027,False,-0.4971722084435491,False,-0.31316196089359205,False
2025-08-27,Google Ads,goog_2934,Google_Campaign_2,9927,197,457.05,7,1368.06,2.993239251723006,65.29285714285714,0.0198448675329908,2.32005076142132,0.0355329949238578,46.04110003022061,1.5154264993481095,False,-0.8734523798763232,False,-0.5493213855788146,False
2025-08-27,Google Ads,goog_7082,Google_Campaign_3,10147,159,285.24,4,395.2,1.3854999298836066,71.31,0.0156696560559771,1.7939622641509434,0.0251572327044025,28.110771656647284,-3.3821037019459004,True,-0.8845349303199657,False,-6.720524760858711,True
2025-08-27,Google Ads,goog_6239,Google_Campaign_4,9968,209,401.57,11,782.52,1.9486515426949225,36.50636363636364,0.0209670947030497,1.9213875598086123,0.0526315789473684,40.28591492776886,-1.188497968659315,False,0.18778194924818628,False,0.21420272464420742,False
2025-08-27,Google Ads,goog_3621,Google_Campaign_5,10096,230,413.56,4,689.28,1.666698907050972,103.39,0.0227812995245641,1.7980869565217392,0.017391304347826,40.96275752773376,-0.2361967509025272,False,-0.6745,False,0.6745,False
2025-08-27,LinkedIn Ads,li_7412,LinkedIn_Campaign_1,3026,71,269.5,6,1387.24,5.147458256029685,44.91666666666666,0.0234633179114342,3.795774647887324,0.0845070422535211,89.06146728354263,-1.5294824861732945,False,0.0,False,-0.07052224690970905,False
2025-08-27,LinkedIn Ads,li_8922,LinkedIn_Campaign_2,2949,82,457.45,5,2066.64,4.517739643676904,91.49,0.0278060359443879,5.578658536585365,0.0609756097560975,155.12037978975923,0.0,False,-0.7112598231576355,False,0.6745,False
2025-08-27,LinkedIn Ads,li_662,LinkedIn_Campaign_3,2900,86,298.84,10,3478.17,11.638903761210011,29.884,0.0296551724137931,3.474883720930232,0.1162790697674418,103.04827586206896,-1.4679779507133603,False,0.8629595293729987,False,0.6745,False
2025-08-27,Meta Ads,meta_1685,Meta_Campaign_1,10450,141,228.13,15,2011.57,8.817647832376277,15.208666666666666,0.0134928229665071,1.6179432624113474,0.1063829787234042,21.830622009569375,-0.7359404920212766,False,1.1764594481387,False,-0.6745,False
2025-08-27,Meta Ads,meta_1194,Meta_Campaign_2,15402,229,570.29,21,2148.48,3.767346437777272,27.156666666666663,0.0148681989352032,2.4903493449781657,0.0917030567685589,37.0270094792884,3.4203361238350967,True,-0.17557778681208522,False,0.7475107829877518,False
2025-08-27,Meta Ads,meta_6180,Meta_Campaign_3,14279,213,438.16,18,2080.89,4.749155559612926,24.342222222222222,0.0149170109951677,2.0570892018779343,0.0845070422535211,30.68562224245396,0.0,False,0.0,False,-0.6745000000000001,False
2025-08-27,Meta Ads,meta_7210,Meta_Campaign_4,14540,212,307.28,13,1255.2,4.084873730799272,23.636923076923075,0.0145804676753782,1.4494339622641508,0.0613207547169811,21.13342503438789,-0.6745,False,0.0,False,-0.2776127976176574,False
2025-08-28,Google Ads,goog_7875,Google_Campaign_1,9964,191,331.2,7,410.99,1.2409118357487925,47.31428571428571,0.0191690084303492,1.7340314136125654,0.0366492146596858,33.239662786029704,-0.6746767557651995,False,-0.874885948361133,False,0.0,False
2025-08-28,Google Ads,goog_2934,Google_Campaign_2,10127,190,561.42,12,982.21,1.7495101706387377,46.785,0.0187617260787992,2.954842105263157,0.0631578947368421,55.437938185049866,3.8100016297262043,True,-1.3971099364809334,False,-0.797847497726169,False
2025-08-28,Google Ads,goog_7082,Google_Campaign_3,9897,196,420.99,8,1134.22,2.694173258272168,52.62375,0.0198039810043447,2.1479081632653063,0.0408163265306122,42.53713246438315,-0.6745,False,0.0,False,0.5417415687273747,False
2025-08-28,Google Ads,goog_6239,Google_Campaign_4,9876,200,535.55,7,889.95,1.661749603211652,76.50714285714285,0.0202511138112596,2.67775,0.035,54.227420008100445,0.5597997678467785,False,-0.40903236288158934,False,0.0,False
2025-08-28,Google Ads,goog_3621,Google_Campaign_5,10026,221,353.06,17,3312.36,9.381861439981874,20.76823529411765,0.0220426890085777,1.5975565610859728,0.0769230769230769,35.214442449630965,-1.2183206979542718,False,6.017302765151936,True,0.0,False
2025-08-28,LinkedIn Ads,li_7412,LinkedIn_Campaign_1,3060,80,383.72,10,3181.34,8.290784947357448,38.372,0.0261437908496732,4.7965,0.125,125.39869281045752,0.0,False,0.24526287023482646,False,2.764237571632015,True
2025-08-28,LinkedIn Ads,li_8922,LinkedIn_Campaign_2,2986,81,288.95,7,3410.69,11.803737670877316,41.27857142857143,0.0271265907568653,3.567283950617284,0.0864197530864197,96.768251841929,-1.5037476845726385,False,0.6835745424506251,False,0.0,False
2025-08-28,LinkedIn Ads,li_662,LinkedIn_Campaign_3,3023,71,375.84,12,3330.42,8.861270753512134,31.32,0.0234866027125372,5.293521126760563,0.1690140845070422,124.3268276546477,-0.6745,False,0.1880532648879995,False,-0.11372251913513517,False
2025-08-28,Meta Ads,meta_1685,Meta_Campaign_1,10290,156,357.04,14,1620.68,4.539211292852341,25.502857142857145,0.0151603498542274,2.2887179487179488,0.0897435897435897,34.6977648202138,0.18127833078101097,False,-0.24707776850375524,False,0.7065641817310544,False
2025-08-28,Meta Ads,meta_1194,Meta_Campaign_2,11190,149,198.4,11,926.79,4.671320564516129,18.036363636363635,0.0133154602323503,1.331543624161074,0.0738255033557047,17.73011617515639,-0.6745000000000001,False,0.4114262001744794,False,-0.8316008200576755,False
2025-08-28,Meta Ads,meta_6180,Meta_Campaign_3,14736,256,622.52,20,2675.23,4.297420163207608,31.126,0.017372421281216,2.43171875,0.078125,42.24484256243214,0.7459348736238174,False,-0.1305879525254892,False,1.3377055321302,False
2025-08-28,Meta Ads,meta_7210,Meta_Campaign_4,11290,179,324.85,14,1807.29,5.563460058488532,23.20357142857143,0.0158547387068201,1.814804469273743,0.0782122905027933,28.77325066430469,-0.6745,False,0.6745,False,0.8137393067589617,False
